396, 192.168.0.12:35998, 0.118478, 62, 4800
12, 192.168.0.12:35556, 0.139158, 62, 4800
136, 192.168.0.12:35798, 0.134359, 62, 4800
26, 192.168.0.12:35584, 0.148854, 62, 4800
40, 192.168.0.12:35612, 0.150594, 62, 4800
15, 192.168.0.12:35562, 0.155666, 62, 4800
224, 192.168.0.12:35888, 0.145505, 62, 4800
61, 192.168.0.12:35654, 0.157580, 62, 4800
103, 192.168.0.12:35738, 0.157797, 62, 4800
423, 192.168.0.12:36016, 0.148114, 62, 4800
50, 192.168.0.12:35632, 0.161680, 62, 4800
628, 192.168.0.12:36110, 0.143786, 62, 4800
326, 192.168.0.12:35954, 0.159004, 62, 4800
390, 192.168.0.12:35994, 0.158127, 62, 4800
8, 192.168.0.12:35548, 0.175718, 62, 4800
7, 192.168.0.12:35546, 0.176477, 62, 4800
84, 192.168.0.12:35700, 0.176439, 62, 4800
27, 192.168.0.12:35586, 0.181183, 62, 4800
97, 192.168.0.12:35726, 0.177060, 62, 4800
131, 192.168.0.12:35790, 0.175913, 62, 4800
16, 192.168.0.12:35564, 0.183176, 62, 4800
32, 192.168.0.12:35596, 0.181831, 62, 4800
343, 192.168.0.12:35964, 0.168793, 62, 4800
947, 192.168.0.12:36354, 0.153213, 62, 4800
311, 192.168.0.12:35944, 0.170123, 62, 4800
142, 192.168.0.12:35808, 0.176196, 62, 4800
42, 192.168.0.12:35616, 0.181608, 62, 4800
275, 192.168.0.12:35922, 0.172054, 62, 4800
57, 192.168.0.12:35646, 0.181069, 62, 4800
36, 192.168.0.12:35604, 0.184549, 62, 4800
19, 192.168.0.12:35570, 0.187623, 62, 4800
153, 192.168.0.12:35824, 0.179912, 62, 4800
33, 192.168.0.12:35598, 0.189015, 62, 4800
642, 192.168.0.12:36118, 0.169871, 62, 4800
159, 192.168.0.12:35830, 0.183514, 62, 4800
186, 192.168.0.12:35856, 0.182684, 62, 4800
981, 192.168.0.12:36378, 0.160734, 62, 4800
278, 192.168.0.12:35924, 0.179710, 62, 4800
590, 192.168.0.12:36086, 0.172329, 62, 4800
104, 192.168.0.12:35740, 0.186690, 62, 4800
133, 192.168.0.12:35794, 0.185340, 62, 4800
111, 192.168.0.12:35754, 0.186547, 62, 4800
29, 192.168.0.12:35590, 0.191490, 62, 4800
157, 192.168.0.12:35828, 0.184421, 62, 4800
30, 192.168.0.12:35592, 0.191517, 62, 4800
300, 192.168.0.12:35938, 0.179676, 62, 4800
233, 192.168.0.12:35894, 0.181979, 62, 4800
517, 192.168.0.12:36042, 0.174966, 62, 4800
9, 192.168.0.12:35550, 0.193770, 62, 4800
842, 192.168.0.12:36250, 0.166335, 62, 4800
37, 192.168.0.12:35606, 0.191295, 62, 4800
242, 192.168.0.12:35900, 0.182689, 62, 4800
1056, 192.168.0.12:36426, 0.162379, 62, 4800
735, 192.168.0.12:36178, 0.173401, 62, 4800
14, 192.168.0.12:35560, 0.199146, 62, 4800
113, 192.168.0.12:35758, 0.192956, 62, 4800
410, 192.168.0.12:36008, 0.183126, 62, 4800
38, 192.168.0.12:35608, 0.197159, 62, 4800
126, 192.168.0.12:35782, 0.193575, 62, 4800
792, 192.168.0.12:36214, 0.174899, 62, 4800
747, 192.168.0.12:36186, 0.176345, 62, 4800
62, 192.168.0.12:35656, 0.196945, 62, 4800
723, 192.168.0.12:36170, 0.177323, 62, 4800
810, 192.168.0.12:36226, 0.175024, 62, 4800
1079, 192.168.0.12:36440, 0.165458, 62, 4800
114, 192.168.0.12:35760, 0.195388, 62, 4800
708, 192.168.0.12:36160, 0.179283, 62, 4800
21, 192.168.0.12:35574, 0.201948, 62, 4800
738, 192.168.0.12:36180, 0.178881, 62, 4800
25, 192.168.0.12:35582, 0.201953, 62, 4800
230, 192.168.0.12:35892, 0.192019, 62, 4800
219, 192.168.0.12:35884, 0.192368, 62, 4800
875, 192.168.0.12:36298, 0.174954, 62, 4800
180, 192.168.0.12:35850, 0.193811, 62, 4800
337, 192.168.0.12:35960, 0.188499, 62, 4800
871, 192.168.0.12:36290, 0.175112, 62, 4800
729, 192.168.0.12:36174, 0.179353, 62, 4800
432, 192.168.0.12:36022, 0.186669, 62, 4800
216, 192.168.0.12:35882, 0.192696, 62, 4800
169, 192.168.0.12:35840, 0.194417, 62, 4800
576, 192.168.0.12:36078, 0.183650, 62, 4800
132, 192.168.0.12:35792, 0.196155, 62, 4800
889, 192.168.0.12:36314, 0.174903, 62, 4800
2, 192.168.0.12:35536, 0.204738, 62, 4800
1267, 192.168.0.12:36514, 0.161177, 62, 4800
272, 192.168.0.12:35920, 0.191067, 62, 4800
119, 192.168.0.12:35770, 0.197019, 62, 4800
830, 192.168.0.12:36240, 0.180218, 62, 4800
1029, 192.168.0.12:36408, 0.173417, 62, 4800
56, 192.168.0.12:35644, 0.203574, 62, 4800
305, 192.168.0.12:35940, 0.193638, 62, 4800
198, 192.168.0.12:35868, 0.197127, 62, 4800
865, 192.168.0.12:36278, 0.179307, 62, 4800
116, 192.168.0.12:35764, 0.200809, 62, 4800
715, 192.168.0.12:36166, 0.183847, 62, 4800
67, 192.168.0.12:35666, 0.203056, 62, 4800
72, 192.168.0.12:35676, 0.202836, 62, 4800
171, 192.168.0.12:35842, 0.198517, 62, 4800
214, 192.168.0.12:35880, 0.197188, 62, 4800
18, 192.168.0.12:35568, 0.207350, 62, 4800
149, 192.168.0.12:35820, 0.199551, 62, 4800
90, 192.168.0.12:35712, 0.204782, 62, 4800
544, 192.168.0.12:36058, 0.191302, 62, 4800
11, 192.168.0.12:35554, 0.210403, 62, 4800
52, 192.168.0.12:35636, 0.207270, 62, 4800
349, 192.168.0.12:35968, 0.196815, 62, 4800
45, 192.168.0.12:35622, 0.208998, 62, 4800
108, 192.168.0.12:35748, 0.205845, 62, 4800
4, 192.168.0.12:35540, 0.212972, 62, 4800
861, 192.168.0.12:36270, 0.184289, 62, 4800
596, 192.168.0.12:36090, 0.191834, 62, 4800
74, 192.168.0.12:35680, 0.207515, 62, 4800
204, 192.168.0.12:35872, 0.201984, 62, 4800
69, 192.168.0.12:35670, 0.207785, 62, 4800
99, 192.168.0.12:35730, 0.206637, 62, 4800
22, 192.168.0.12:35576, 0.211749, 62, 4800
54, 192.168.0.12:35640, 0.209145, 62, 4800
586, 192.168.0.12:36084, 0.192650, 62, 4800
554, 192.168.0.12:36064, 0.194137, 62, 4800
147, 192.168.0.12:35816, 0.205665, 62, 4800
827, 192.168.0.12:36238, 0.187035, 62, 4800
1013, 192.168.0.12:36398, 0.181061, 62, 4800
88, 192.168.0.12:35708, 0.208890, 62, 4800
43, 192.168.0.12:35618, 0.211403, 62, 4800
1067, 192.168.0.12:36432, 0.178682, 62, 4800
608, 192.168.0.12:36098, 0.193433, 62, 4800
897, 192.168.0.12:36320, 0.185276, 62, 4800
758, 192.168.0.12:36192, 0.190180, 62, 4800
611, 192.168.0.12:36100, 0.194285, 62, 4800
87, 192.168.0.12:35706, 0.210177, 62, 4800
44, 192.168.0.12:35620, 0.212540, 62, 4800
53, 192.168.0.12:35638, 0.212070, 62, 4800
151, 192.168.0.12:35822, 0.207162, 62, 4800
785, 192.168.0.12:36210, 0.189969, 62, 4800
98, 192.168.0.12:35728, 0.211068, 62, 4800
849, 192.168.0.12:36258, 0.189480, 62, 4800
6, 192.168.0.12:35544, 0.217646, 62, 4800
35, 192.168.0.12:35602, 0.214914, 62, 4800
288, 192.168.0.12:35930, 0.203976, 62, 4800
370, 192.168.0.12:35982, 0.201860, 62, 4800
51, 192.168.0.12:35634, 0.214322, 62, 4800
524, 192.168.0.12:36046, 0.199381, 62, 4800
17, 192.168.0.12:35566, 0.217615, 62, 4800
106, 192.168.0.12:35744, 0.212005, 62, 4800
670, 192.168.0.12:36136, 0.195648, 62, 4800
679, 192.168.0.12:36142, 0.195443, 62, 4800
1099, 192.168.0.12:36454, 0.181126, 62, 4800
878, 192.168.0.12:36304, 0.189737, 62, 4800
107, 192.168.0.12:35746, 0.212023, 62, 4800
877, 192.168.0.12:36302, 0.189874, 62, 4800
1031, 192.168.0.12:36410, 0.184381, 62, 4800
34, 192.168.0.12:35600, 0.216276, 62, 4800
271, 192.168.0.10:33106, 0.205947, 62, 4800
31, 192.168.0.12:35594, 0.216786, 62, 4800
634, 192.168.0.12:36114, 0.197243, 62, 4800
862, 192.168.0.12:36272, 0.191550, 62, 4800
1132, 192.168.0.12:36476, 0.181622, 62, 4800
1026, 192.168.0.12:36406, 0.185989, 62, 4800
146, 192.168.0.12:35814, 0.211553, 62, 4800
751, 192.168.0.12:36188, 0.195074, 62, 4800
699, 192.168.0.12:36154, 0.196587, 62, 4800
123, 192.168.0.12:35776, 0.212917, 62, 4800
848, 192.168.0.12:36256, 0.192408, 62, 4800
100, 192.168.0.12:35732, 0.214134, 62, 4800
251, 192.168.0.12:35906, 0.208138, 62, 4800
176, 192.168.0.12:35846, 0.210779, 62, 4800
420, 192.168.0.12:36014, 0.203600, 62, 4800
3, 192.168.0.12:35538, 0.221122, 62, 4800
145, 192.168.0.12:35812, 0.212086, 62, 4800
1285, 192.168.0.12:36522, 0.176721, 62, 4800
521, 192.168.0.12:36044, 0.201732, 62, 4800
702, 192.168.0.12:36156, 0.196952, 62, 4800
705, 192.168.0.12:36158, 0.196964, 62, 4800
13, 192.168.0.12:35558, 0.220207, 62, 4800
28, 192.168.0.12:35588, 0.218885, 62, 4800
1173, 192.168.0.12:36504, 0.181322, 62, 4800
239, 192.168.0.12:35898, 0.208980, 62, 4800
855, 192.168.0.12:36264, 0.192925, 62, 4800
314, 192.168.0.12:35946, 0.206636, 62, 4800
20, 192.168.0.12:35572, 0.219824, 62, 4800
966, 192.168.0.12:36368, 0.189450, 62, 4800
182, 192.168.0.12:35852, 0.211154, 62, 4800
294, 192.168.0.12:35934, 0.207406, 62, 4800
23, 192.168.0.12:35578, 0.219800, 62, 4800
89, 192.168.0.12:35710, 0.216002, 62, 4800
987, 192.168.0.12:36382, 0.189397, 62, 4800
297, 192.168.0.12:35936, 0.207838, 62, 4800
96, 192.168.0.12:35724, 0.215705, 62, 4800
59, 192.168.0.12:35650, 0.217502, 62, 4800
696, 192.168.0.12:36152, 0.198231, 62, 4800
545, 192.168.0.11:50868, 0.202447, 62, 4800
162, 192.168.0.12:35834, 0.212738, 62, 4800
79, 192.168.0.12:35690, 0.217350, 62, 4800
94, 192.168.0.12:35720, 0.216678, 62, 4800
625, 192.168.0.12:36108, 0.201247, 62, 4800
605, 192.168.0.12:36096, 0.201782, 62, 4800
776, 192.168.0.12:36204, 0.197003, 62, 4800
819, 192.168.0.12:36232, 0.196018, 62, 4800
772, 192.168.0.12:36202, 0.197280, 62, 4800
659, 192.168.0.12:36130, 0.200516, 62, 4800
109, 192.168.0.12:35750, 0.216563, 62, 4800
960, 192.168.0.12:36364, 0.191800, 62, 4800
1154, 192.168.0.12:36490, 0.184238, 62, 4800
5, 192.168.0.12:35542, 0.223594, 62, 4800
189, 192.168.0.12:35858, 0.213114, 62, 4800
435, 192.168.0.12:36024, 0.206159, 62, 4800
376, 192.168.0.12:35986, 0.207970, 62, 4800
399, 192.168.0.12:36000, 0.207816, 62, 4800
48, 192.168.0.12:35628, 0.220894, 62, 4800
124, 192.168.0.12:35778, 0.216978, 62, 4800
530, 192.168.0.12:36050, 0.205358, 62, 4800
901, 192.168.0.12:36324, 0.194998, 62, 4800
81, 192.168.0.12:35694, 0.219251, 62, 4800
807, 192.168.0.12:36224, 0.198031, 62, 4800
444, 192.168.0.12:36030, 0.207477, 62, 4800
212, 192.168.0.12:35878, 0.214027, 62, 4800
379, 192.168.0.12:35988, 0.209106, 62, 4800
824, 192.168.0.12:36236, 0.198115, 62, 4800
352, 192.168.0.12:35970, 0.209874, 62, 4800
138, 192.168.0.12:35802, 0.217299, 62, 4800
836, 192.168.0.12:36244, 0.197910, 62, 4800
201, 192.168.0.12:35870, 0.215174, 62, 4800
24, 192.168.0.12:35580, 0.224388, 62, 4800
317, 192.168.0.12:35948, 0.211503, 62, 4800
1010, 192.168.0.12:36396, 0.193082, 62, 4800
80, 192.168.0.12:35692, 0.220955, 62, 4800
719, 192.168.0.12:36168, 0.202671, 62, 4800
857, 192.168.0.12:36266, 0.198827, 62, 4800
39, 192.168.0.12:35610, 0.224161, 62, 4800
1082, 192.168.0.12:36442, 0.190566, 62, 4800
957, 192.168.0.12:36362, 0.195760, 62, 4800
82, 192.168.0.12:35696, 0.221806, 62, 4800
873, 192.168.0.12:36294, 0.198558, 62, 4800
725, 192.168.0.12:36172, 0.203029, 62, 4800
639, 192.168.0.12:36116, 0.205298, 62, 4800
503, 192.168.0.12:36034, 0.208784, 62, 4800
134, 192.168.0.12:35796, 0.219489, 62, 4800
911, 192.168.0.12:36330, 0.197682, 62, 4800
1034, 192.168.0.12:36412, 0.193096, 62, 4800
854, 192.168.0.12:36262, 0.199517, 62, 4800
236, 192.168.0.12:35896, 0.215892, 62, 4800
1120, 192.168.0.12:36468, 0.189644, 62, 4800
101, 192.168.0.12:35734, 0.221585, 62, 4800
795, 192.168.0.12:36216, 0.201483, 62, 4800
393, 192.168.0.12:35996, 0.211651, 62, 4800
194, 192.168.0.12:35864, 0.217698, 62, 4800
804, 192.168.0.12:36222, 0.201496, 62, 4800
173, 192.168.0.12:35844, 0.218521, 62, 4800
732, 192.168.0.12:36176, 0.203701, 62, 4800
1115, 192.168.0.12:36464, 0.190213, 62, 4800
932, 192.168.0.12:36344, 0.197693, 62, 4800
1135, 192.168.0.12:36478, 0.189762, 62, 4800
798, 192.168.0.12:36218, 0.201747, 62, 4800
46, 192.168.0.12:35624, 0.224899, 62, 4800
1137, 192.168.0.12:36480, 0.189808, 62, 4800
161, 192.168.0.12:35832, 0.219122, 62, 4800
510, 192.168.0.12:36038, 0.209607, 62, 4800
667, 192.168.0.12:36134, 0.205548, 62, 4800
583, 192.168.0.12:36082, 0.207901, 62, 4800
822, 192.168.0.12:36234, 0.201710, 62, 4800
631, 192.168.0.12:36112, 0.206993, 62, 4800
868, 192.168.0.12:36284, 0.200352, 62, 4800
935, 192.168.0.12:36346, 0.198271, 62, 4800
874, 192.168.0.12:36296, 0.200225, 62, 4800
41, 192.168.0.12:35614, 0.225915, 62, 4800
154, 192.168.0.10:33030, 0.219976, 62, 4800
441, 192.168.0.12:36028, 0.211642, 62, 4800
864, 192.168.0.12:36276, 0.200586, 62, 4800
255, 192.168.0.12:35908, 0.216852, 62, 4800
994, 192.168.0.12:36386, 0.196914, 62, 4800
66, 192.168.0.12:35664, 0.224892, 62, 4800
426, 192.168.0.12:36018, 0.213177, 62, 4800
10, 192.168.0.12:35552, 0.229979, 62, 4800
355, 192.168.0.12:35972, 0.214798, 62, 4800
130, 192.168.0.12:35788, 0.222693, 62, 4800
78, 192.168.0.12:35688, 0.225261, 62, 4800
956, 192.168.0.12:36360, 0.199205, 62, 4800
938, 192.168.0.12:36348, 0.199850, 62, 4800
622, 192.168.0.12:36106, 0.209055, 62, 4800
1064, 192.168.0.12:36430, 0.195146, 62, 4800
904, 192.168.0.12:36326, 0.201457, 62, 4800
125, 192.168.0.12:35780, 0.223702, 62, 4800
49, 192.168.0.12:35630, 0.227867, 62, 4800
984, 192.168.0.12:36380, 0.199392, 62, 4800
763, 192.168.0.12:36196, 0.206093, 62, 4800
346, 192.168.0.12:35966, 0.216304, 62, 4800
760, 192.168.0.12:36194, 0.206724, 62, 4800
534, 192.168.0.12:36052, 0.214049, 62, 4800
892, 192.168.0.12:36316, 0.204995, 62, 4800
95, 192.168.0.12:35722, 0.228187, 62, 4800
226, 192.168.0.12:35890, 0.222910, 62, 4800
102, 192.168.0.12:35736, 0.228605, 62, 4800
975, 192.168.0.12:36374, 0.202996, 62, 4800
209, 192.168.0.12:35876, 0.224108, 62, 4800
291, 192.168.0.12:35932, 0.221369, 62, 4800
63, 192.168.0.12:35658, 0.230784, 62, 4800
845, 192.168.0.12:36254, 0.207581, 62, 4800
73, 192.168.0.12:35678, 0.230287, 62, 4800
70, 192.168.0.12:35672, 0.230413, 62, 4800
950, 192.168.0.12:36356, 0.204393, 62, 4800
327, 192.168.0.11:50702, 0.220673, 62, 4800
1105, 192.168.0.12:36458, 0.197959, 62, 4800
148, 192.168.0.12:35818, 0.226982, 62, 4800
587, 192.168.0.11:50896, 0.215127, 62, 4800
1048, 192.168.0.12:36422, 0.201020, 62, 4800
547, 192.168.0.12:36060, 0.216693, 62, 4800
1355, 192.168.0.12:36530, 0.185156, 62, 4800
1324, 192.168.0.12:36526, 0.189119, 62, 4800
884, 192.168.0.12:36310, 0.207400, 62, 4800
619, 192.168.0.12:36104, 0.216427, 62, 4800
407, 192.168.0.12:36006, 0.221261, 62, 4800
248, 192.168.0.12:35904, 0.226077, 62, 4800
414, 192.168.0.12:36010, 0.221634, 62, 4800
1148, 192.168.0.12:36486, 0.199615, 62, 4800
860, 192.168.0.12:36268, 0.210171, 62, 4800
753, 192.168.0.12:36190, 0.213326, 62, 4800
570, 192.168.0.12:36074, 0.218494, 62, 4800
137, 192.168.0.12:35800, 0.230754, 62, 4800
71, 192.168.0.12:35674, 0.233917, 62, 4800
1, 192.168.0.12:35534, 0.239804, 62, 4800
221, 192.168.0.12:35886, 0.227826, 62, 4800
787, 192.168.0.12:36212, 0.213078, 62, 4800
417, 192.168.0.12:36012, 0.222419, 62, 4800
83, 192.168.0.12:35698, 0.233888, 62, 4800
68, 192.168.0.12:35668, 0.234437, 62, 4800
129, 192.168.0.12:35786, 0.231710, 62, 4800
85, 192.168.0.12:35702, 0.233965, 62, 4800
1271, 192.168.0.12:36516, 0.196324, 62, 4800
64, 192.168.0.12:35660, 0.234836, 62, 4800
60, 192.168.0.12:35652, 0.235151, 62, 4800
260, 192.168.0.12:35912, 0.226885, 62, 4800
867, 192.168.0.12:36282, 0.211031, 62, 4800
645, 192.168.0.12:36120, 0.217344, 62, 4800
599, 192.168.0.12:36092, 0.218633, 62, 4800
65, 192.168.0.12:35662, 0.234889, 62, 4800
245, 192.168.0.12:35902, 0.227493, 62, 4800
1076, 192.168.0.12:36438, 0.203315, 62, 4800
801, 192.168.0.12:36220, 0.213373, 62, 4800
118, 192.168.0.12:35768, 0.232875, 62, 4800
1085, 192.168.0.12:36444, 0.203333, 62, 4800
215, 192.168.0.10:33066, 0.228896, 62, 4800
550, 192.168.0.12:36062, 0.220477, 62, 4800
689, 192.168.0.12:36148, 0.216633, 62, 4800
266, 192.168.0.12:35916, 0.227313, 62, 4800
1126, 192.168.0.12:36472, 0.201888, 62, 4800
507, 192.168.0.12:36036, 0.221534, 62, 4800
876, 192.168.0.12:36300, 0.211486, 62, 4800
1140, 192.168.0.12:36482, 0.201768, 62, 4800
602, 192.168.0.12:36094, 0.219302, 62, 4800
567, 192.168.0.12:36072, 0.220339, 62, 4800
178, 192.168.0.12:35848, 0.230603, 62, 4800
898, 192.168.0.12:36322, 0.211002, 62, 4800
263, 192.168.0.12:35914, 0.227773, 62, 4800
915, 192.168.0.12:36332, 0.210649, 62, 4800
648, 192.168.0.12:36122, 0.218270, 62, 4800
840, 192.168.0.12:36248, 0.213995, 62, 4800
606, 192.168.0.10:33354, 0.220748, 62, 4800
367, 192.168.0.12:35980, 0.226262, 62, 4800
143, 192.168.0.12:35810, 0.233764, 62, 4800
963, 192.168.0.12:36366, 0.211026, 62, 4800
1102, 192.168.0.12:36456, 0.204999, 62, 4800
140, 192.168.0.12:35804, 0.234445, 62, 4800
1053, 192.168.0.12:36424, 0.207566, 62, 4800
925, 192.168.0.12:36340, 0.212754, 62, 4800
1179, 192.168.0.12:36508, 0.203275, 62, 4800
93, 192.168.0.12:35718, 0.237306, 62, 4800
579, 192.168.0.12:36080, 0.222948, 62, 4800
978, 192.168.0.12:36376, 0.211345, 62, 4800
141, 192.168.0.12:35806, 0.235207, 62, 4800
127, 192.168.0.12:35784, 0.236102, 62, 4800
334, 192.168.0.12:35958, 0.228751, 62, 4800
653, 192.168.0.12:36126, 0.221453, 62, 4800
360, 192.168.0.12:35976, 0.228456, 62, 4800
207, 192.168.0.12:35874, 0.233339, 62, 4800
1018, 192.168.0.12:36400, 0.210576, 62, 4800
675, 192.168.0.12:36140, 0.221512, 62, 4800
323, 192.168.0.12:35952, 0.229856, 62, 4800
400, 192.168.0.12:36002, 0.228097, 62, 4800
471, 192.168.0.11:50806, 0.227063, 62, 4800
324, 192.168.0.11:50700, 0.230334, 62, 4800
711, 192.168.0.12:36162, 0.221208, 62, 4800
1020, 192.168.0.12:36402, 0.211355, 62, 4800
191, 192.168.0.11:50620, 0.234898, 62, 4800
882, 192.168.0.12:36308, 0.216323, 62, 4800
907, 192.168.0.12:36328, 0.215592, 62, 4800
779, 192.168.0.12:36206, 0.219352, 62, 4800
448, 192.168.0.12:36032, 0.227881, 62, 4800
184, 192.168.0.12:35854, 0.235267, 62, 4800
669, 192.168.0.11:50952, 0.222485, 62, 4800
247, 192.168.0.11:50650, 0.233152, 62, 4800
1170, 192.168.0.12:36502, 0.205913, 62, 4800
320, 192.168.0.12:35950, 0.230813, 62, 4800
254, 192.168.0.11:50654, 0.233046, 62, 4800
280, 192.168.0.11:50670, 0.232188, 62, 4800
844, 192.168.0.12:36252, 0.217790, 62, 4800
269, 192.168.0.12:35918, 0.232616, 62, 4800
344, 192.168.0.11:50714, 0.230193, 62, 4800
386, 192.168.0.11:50742, 0.229476, 62, 4800
538, 192.168.0.12:36054, 0.226490, 62, 4800
86, 192.168.0.12:35704, 0.240434, 62, 4800
91, 192.168.0.12:35714, 0.240213, 62, 4800
438, 192.168.0.12:36026, 0.228694, 62, 4800
870, 192.168.0.12:36288, 0.217412, 62, 4800
714, 192.168.0.12:36164, 0.222070, 62, 4800
564, 192.168.0.12:36070, 0.226250, 62, 4800
557, 192.168.0.12:36066, 0.226446, 62, 4800
115, 192.168.0.12:35762, 0.239263, 62, 4800
1129, 192.168.0.12:36474, 0.207979, 62, 4800
614, 192.168.0.12:36102, 0.224990, 62, 4800
1176, 192.168.0.12:36506, 0.206787, 62, 4800
1144, 192.168.0.12:36484, 0.207794, 62, 4800
117, 192.168.0.12:35766, 0.239393, 62, 4800
197, 192.168.0.12:35866, 0.236008, 62, 4800
285, 192.168.0.12:35928, 0.233135, 62, 4800
329, 192.168.0.12:35956, 0.231728, 62, 4800
58, 192.168.0.12:35648, 0.242488, 62, 4800
944, 192.168.0.12:36352, 0.215822, 62, 4800
561, 192.168.0.12:36068, 0.227002, 62, 4800
863, 192.168.0.12:36274, 0.218444, 62, 4800
165, 192.168.0.12:35836, 0.237965, 62, 4800
999, 192.168.0.11:51160, 0.215085, 62, 4800
358, 192.168.0.12:35974, 0.232213, 62, 4800
120, 192.168.0.10:33018, 0.240706, 62, 4800
316, 192.168.0.11:50694, 0.233528, 62, 4800
306, 192.168.0.12:35942, 0.233916, 62, 4800
969, 192.168.0.12:36370, 0.216306, 62, 4800
658, 192.168.0.12:36128, 0.225431, 62, 4800
881, 192.168.0.12:36306, 0.219199, 62, 4800
851, 192.168.0.12:36260, 0.220137, 62, 4800
1096, 192.168.0.12:36452, 0.210818, 62, 4800
573, 192.168.0.12:36076, 0.227936, 62, 4800
121, 192.168.0.12:35772, 0.241116, 62, 4800
834, 192.168.0.12:36242, 0.220956, 62, 4800
691, 192.168.0.12:36150, 0.225038, 62, 4800
105, 192.168.0.12:35742, 0.242128, 62, 4800
922, 192.168.0.12:36338, 0.218548, 62, 4800
1160, 192.168.0.12:36494, 0.209527, 62, 4800
190, 192.168.0.12:35860, 0.238487, 62, 4800
350, 192.168.0.11:50718, 0.233298, 62, 4800
55, 192.168.0.12:35642, 0.244812, 62, 4800
259, 192.168.0.10:33098, 0.236477, 62, 4800
886, 192.168.0.12:36312, 0.220265, 62, 4800
196, 192.168.0.10:33052, 0.238825, 62, 4800
174, 192.168.0.10:33040, 0.239770, 62, 4800
813, 192.168.0.12:36228, 0.222666, 62, 4800
1169, 192.168.0.12:36500, 0.210167, 62, 4800
685, 192.168.0.12:36146, 0.226260, 62, 4800
929, 192.168.0.12:36342, 0.219316, 62, 4800
782, 192.168.0.12:36208, 0.223732, 62, 4800
527, 192.168.0.12:36048, 0.230730, 62, 4800
744, 192.168.0.12:36184, 0.224883, 62, 4800
1088, 192.168.0.12:36446, 0.213030, 62, 4800
183, 192.168.0.11:50616, 0.239883, 62, 4800
172, 192.168.0.11:50610, 0.240572, 62, 4800
741, 192.168.0.12:36182, 0.225329, 62, 4800
373, 192.168.0.12:35984, 0.234164, 62, 4800
383, 192.168.0.12:35990, 0.234016, 62, 4800
682, 192.168.0.12:36144, 0.226971, 62, 4800
664, 192.168.0.12:36132, 0.227481, 62, 4800
192, 192.168.0.12:35862, 0.239921, 62, 4800
321, 192.168.0.10:33142, 0.235632, 62, 4800
766, 192.168.0.12:36198, 0.224637, 62, 4800
838, 192.168.0.12:36246, 0.222756, 62, 4800
281, 192.168.0.12:35926, 0.236983, 62, 4800
92, 192.168.0.12:35716, 0.244524, 62, 4800
425, 192.168.0.10:33212, 0.233344, 62, 4800
816, 192.168.0.12:36230, 0.223501, 62, 4800
47, 192.168.0.12:35626, 0.247042, 62, 4800
228, 192.168.0.11:50638, 0.238965, 62, 4800
267, 192.168.0.11:50662, 0.237730, 62, 4800
155, 192.168.0.12:35826, 0.241625, 62, 4800
404, 192.168.0.12:36004, 0.234134, 62, 4800
1276, 192.168.0.12:36518, 0.207283, 62, 4800
1111, 192.168.0.12:36462, 0.212868, 62, 4800
257, 192.168.0.12:35910, 0.238268, 62, 4800
307, 192.168.0.11:50688, 0.236708, 62, 4800
1117, 192.168.0.12:36466, 0.212938, 62, 4800
673, 192.168.0.12:36138, 0.228080, 62, 4800
451, 192.168.0.11:50786, 0.233559, 62, 4800
122, 192.168.0.12:35774, 0.243869, 62, 4800
788, 192.168.0.11:51032, 0.224990, 62, 4800
1061, 192.168.0.12:36428, 0.215501, 62, 4800
1108, 192.168.0.12:36460, 0.213403, 62, 4800
1248, 192.168.0.12:36510, 0.209714, 62, 4800
1007, 192.168.0.12:36394, 0.218223, 62, 4800
1004, 192.168.0.12:36392, 0.218422, 62, 4800
168, 192.168.0.11:50608, 0.242095, 62, 4800
418, 192.168.0.11:50764, 0.234658, 62, 4800
1156, 192.168.0.12:36492, 0.212738, 62, 4800
75, 192.168.0.12:35682, 0.246756, 62, 4800
872, 192.168.0.12:36292, 0.223302, 62, 4800
179, 192.168.0.11:50614, 0.242283, 62, 4800
353, 192.168.0.11:50720, 0.236588, 62, 4800
330, 192.168.0.11:50704, 0.237228, 62, 4800
363, 192.168.0.12:35978, 0.236553, 62, 4800
1259, 192.168.0.12:36512, 0.209947, 62, 4800
261, 192.168.0.11:50658, 0.239695, 62, 4800
593, 192.168.0.12:36088, 0.231641, 62, 4800
1163, 192.168.0.12:36496, 0.213113, 62, 4800
371, 192.168.0.11:50732, 0.236479, 62, 4800
235, 192.168.0.11:50642, 0.240705, 62, 4800
369, 192.168.0.11:50730, 0.236696, 62, 4800
953, 192.168.0.12:36358, 0.221470, 62, 4800
335, 192.168.0.11:50708, 0.237560, 62, 4800
270, 192.168.0.11:50664, 0.239796, 62, 4800
1001, 192.168.0.12:36390, 0.220051, 62, 4800
187, 192.168.0.11:50618, 0.242637, 62, 4800
302, 192.168.0.11:50684, 0.238841, 62, 4800
156, 192.168.0.11:50602, 0.243876, 62, 4800
1093, 192.168.0.12:36450, 0.215753, 62, 4800
163, 192.168.0.11:50606, 0.243712, 62, 4800
513, 192.168.0.12:36040, 0.234465, 62, 4800
1041, 192.168.0.12:36416, 0.218603, 62, 4800
487, 192.168.0.11:50822, 0.235034, 62, 4800
1280, 192.168.0.12:36520, 0.209673, 62, 4800
1023, 192.168.0.12:36404, 0.219518, 62, 4800
1044, 192.168.0.12:36418, 0.218816, 62, 4800
416, 192.168.0.10:33206, 0.236751, 62, 4800
997, 192.168.0.12:36388, 0.221337, 62, 4800
1047, 192.168.0.12:36420, 0.219277, 62, 4800
555, 192.168.0.11:50874, 0.234594, 62, 4800
217, 192.168.0.11:50632, 0.243079, 62, 4800
833, 192.168.0.11:51062, 0.226879, 62, 4800
447, 192.168.0.11:50784, 0.236884, 62, 4800
112, 192.168.0.12:35756, 0.247595, 62, 4800
250, 192.168.0.10:33092, 0.242187, 62, 4800
991, 192.168.0.12:36384, 0.222104, 62, 4800
181, 192.168.0.10:33044, 0.244639, 62, 4800
428, 192.168.0.12:36020, 0.237494, 62, 4800
972, 192.168.0.12:36372, 0.222752, 62, 4800
490, 192.168.0.10:33270, 0.236270, 62, 4800
866, 192.168.0.12:36280, 0.226175, 62, 4800
920, 192.168.0.12:36336, 0.224618, 62, 4800
1367, 192.168.0.12:36532, 0.201074, 62, 4800
1070, 192.168.0.12:36434, 0.218856, 62, 4800
541, 192.168.0.12:36056, 0.235606, 62, 4800
454, 192.168.0.10:33234, 0.237506, 62, 4800
457, 192.168.0.10:33236, 0.237540, 62, 4800
463, 192.168.0.10:33242, 0.237562, 62, 4800
240, 192.168.0.10:33084, 0.243507, 62, 4800
150, 192.168.0.10:33028, 0.246893, 62, 4800
671, 192.168.0.10:33400, 0.232896, 62, 4800
477, 192.168.0.10:33256, 0.237790, 62, 4800
1090, 192.168.0.12:36448, 0.218889, 62, 4800
301, 192.168.0.10:33128, 0.241951, 62, 4800
1151, 192.168.0.12:36488, 0.217015, 62, 4800
1321, 192.168.0.12:36524, 0.208866, 62, 4800
623, 192.168.0.10:33366, 0.234371, 62, 4800
185, 192.168.0.10:33046, 0.245960, 62, 4800
238, 192.168.0.11:50644, 0.244354, 62, 4800
650, 192.168.0.12:36124, 0.233873, 62, 4800
926, 192.168.0.10:33548, 0.226171, 62, 4800
110, 192.168.0.12:35752, 0.249762, 62, 4800
299, 192.168.0.11:50682, 0.242587, 62, 4800
989, 192.168.0.11:51152, 0.224197, 62, 4800
595, 192.168.0.11:50902, 0.235814, 62, 4800
231, 192.168.0.11:50640, 0.245069, 62, 4800
277, 192.168.0.11:50668, 0.243504, 62, 4800
284, 192.168.0.11:50672, 0.243297, 62, 4800
1261, 192.168.0.10:33798, 0.214300, 62, 4800
526, 192.168.0.11:50854, 0.237799, 62, 4800
479, 192.168.0.11:50814, 0.238812, 62, 4800
436, 192.168.0.11:50776, 0.239681, 62, 4800
941, 192.168.0.12:36350, 0.226090, 62, 4800
831, 192.168.0.11:51060, 0.229594, 62, 4800
264, 192.168.0.11:50660, 0.244396, 62, 4800
443, 192.168.0.11:50780, 0.239813, 62, 4800
1166, 192.168.0.12:36498, 0.217875, 62, 4800
339, 192.168.0.12:35962, 0.241977, 62, 4800
166, 192.168.0.12:35838, 0.247895, 62, 4800
1038, 192.168.0.12:36414, 0.222702, 62, 4800
241, 192.168.0.11:50646, 0.245405, 62, 4800
332, 192.168.0.11:50706, 0.242359, 62, 4800
869, 192.168.0.12:36286, 0.228980, 62, 4800
389, 192.168.0.11:50744, 0.241229, 62, 4800
287, 192.168.0.11:50674, 0.244006, 62, 4800
764, 192.168.0.11:51016, 0.232034, 62, 4800
77, 192.168.0.12:35686, 0.252441, 62, 4800
893, 192.168.0.12:36318, 0.228426, 62, 4800
641, 192.168.0.11:50934, 0.235567, 62, 4800
1328, 192.168.0.12:36528, 0.209930, 62, 4800
252, 192.168.0.11:50652, 0.245502, 62, 4800
290, 192.168.0.11:50676, 0.244190, 62, 4800
566, 192.168.0.11:50882, 0.237954, 62, 4800
244, 192.168.0.11:50648, 0.245831, 62, 4800
491, 192.168.0.11:50826, 0.239643, 62, 4800
672, 192.168.0.11:50954, 0.235091, 62, 4800
1266, 192.168.0.11:51364, 0.215188, 62, 4800
199, 192.168.0.11:50624, 0.247790, 62, 4800
1142, 192.168.0.11:51256, 0.219900, 62, 4800
274, 192.168.0.11:50666, 0.245634, 62, 4800
588, 192.168.0.11:50898, 0.238095, 62, 4800
1123, 192.168.0.12:36470, 0.220784, 62, 4800
713, 192.168.0.11:50982, 0.235181, 62, 4800
384, 192.168.0.10:33184, 0.242983, 62, 4800
1080, 192.168.0.11:51216, 0.222755, 62, 4800
633, 192.168.0.11:50928, 0.237336, 62, 4800
496, 192.168.0.10:33276, 0.240783, 62, 4800
262, 192.168.0.10:33100, 0.246581, 62, 4800
354, 192.168.0.10:33164, 0.243943, 62, 4800
442, 192.168.0.10:33224, 0.242163, 62, 4800
580, 192.168.0.10:33336, 0.239177, 62, 4800
286, 192.168.0.10:33118, 0.246040, 62, 4800
164, 192.168.0.10:33034, 0.250342, 62, 4800
205, 192.168.0.10:33058, 0.248858, 62, 4800
465, 192.168.0.10:33244, 0.241861, 62, 4800
387, 192.168.0.12:35992, 0.243485, 62, 4800
677, 192.168.0.10:33404, 0.236727, 62, 4800
283, 192.168.0.10:33116, 0.246394, 62, 4800
76, 192.168.0.12:35684, 0.254751, 62, 4800
770, 192.168.0.12:36200, 0.234215, 62, 4800
135, 192.168.0.10:33022, 0.252088, 62, 4800
762, 192.168.0.10:33462, 0.234586, 62, 4800
333, 192.168.0.10:33150, 0.245131, 62, 4800
351, 192.168.0.10:33162, 0.244888, 62, 4800
200, 192.168.0.10:33054, 0.249793, 62, 4800
594, 192.168.0.10:33346, 0.239685, 62, 4800
170, 192.168.0.10:33038, 0.251053, 62, 4800
472, 192.168.0.10:33252, 0.242615, 62, 4800
282, 192.168.0.10:33114, 0.247248, 62, 4800
223, 192.168.0.11:50636, 0.249264, 62, 4800
600, 192.168.0.11:50906, 0.239689, 62, 4800
616, 192.168.0.10:33360, 0.239307, 62, 4800
773, 192.168.0.11:51022, 0.234875, 62, 4800
1052, 192.168.0.11:51196, 0.225671, 62, 4800
341, 192.168.0.11:50712, 0.245605, 62, 4800
1106, 192.168.0.11:51234, 0.223219, 62, 4800
1288, 192.168.0.11:51382, 0.216931, 62, 4800
697, 192.168.0.10:33418, 0.237429, 62, 4800
1329, 192.168.0.11:51422, 0.213206, 62, 4800
497, 192.168.0.11:50832, 0.242604, 62, 4800
730, 192.168.0.11:50994, 0.236668, 62, 4800
401, 192.168.0.11:50752, 0.244621, 62, 4800
968, 192.168.0.11:51138, 0.229521, 62, 4800
694, 192.168.0.11:50970, 0.237662, 62, 4800
395, 192.168.0.11:50748, 0.244850, 62, 4800
974, 192.168.0.11:51142, 0.229387, 62, 4800
319, 192.168.0.11:50696, 0.246769, 62, 4800
933, 192.168.0.11:51116, 0.230775, 62, 4800
917, 192.168.0.12:36334, 0.231413, 62, 4800
1074, 192.168.0.11:51212, 0.225122, 62, 4800
970, 192.168.0.10:33578, 0.229601, 62, 4800
464, 192.168.0.11:50800, 0.243606, 62, 4800
345, 192.168.0.10:33158, 0.246056, 62, 4800
843, 192.168.0.11:51072, 0.233724, 62, 4800
206, 192.168.0.11:50628, 0.250644, 62, 4800
668, 192.168.0.10:33398, 0.238638, 62, 4800
476, 192.168.0.11:50812, 0.243452, 62, 4800
553, 192.168.0.10:33318, 0.241900, 62, 4800
537, 192.168.0.11:50862, 0.242308, 62, 4800
647, 192.168.0.11:50938, 0.239275, 62, 4800
755, 192.168.0.11:51010, 0.236332, 62, 4800
258, 192.168.0.11:50656, 0.249085, 62, 4800
152, 192.168.0.11:50600, 0.252738, 62, 4800
409, 192.168.0.11:50758, 0.244917, 62, 4800
175, 192.168.0.11:50612, 0.251967, 62, 4800
309, 192.168.0.11:50690, 0.247488, 62, 4800
767, 192.168.0.11:51018, 0.236026, 62, 4800
569, 192.168.0.11:50884, 0.241618, 62, 4800
1138, 192.168.0.11:51254, 0.223264, 62, 4800
1025, 192.168.0.11:51178, 0.227771, 62, 4800
195, 192.168.0.11:50622, 0.251389, 62, 4800
303, 192.168.0.11:50686, 0.247855, 62, 4800
489, 192.168.0.11:50824, 0.243595, 62, 4800
433, 192.168.0.11:50774, 0.244767, 62, 4800
461, 192.168.0.11:50796, 0.244211, 62, 4800
698, 192.168.0.11:50972, 0.238325, 62, 4800
1251, 192.168.0.11:51350, 0.220392, 62, 4800
1294, 192.168.0.11:51388, 0.217572, 62, 4800
494, 192.168.0.11:50830, 0.243771, 62, 4800
615, 192.168.0.11:50916, 0.240828, 62, 4800
1344, 192.168.0.11:51436, 0.213161, 62, 4800
814, 192.168.0.11:51050, 0.235340, 62, 4800
927, 192.168.0.11:51112, 0.232019, 62, 4800
500, 192.168.0.11:50836, 0.243798, 62, 4800
1073, 192.168.0.12:36436, 0.226243, 62, 4800
427, 192.168.0.11:50770, 0.245423, 62, 4800
1375, 192.168.0.11:51466, 0.207362, 62, 4800
362, 192.168.0.11:50726, 0.246836, 62, 4800
959, 192.168.0.11:51132, 0.231177, 62, 4800
499, 192.168.0.11:50834, 0.244097, 62, 4800
382, 192.168.0.11:50740, 0.246509, 62, 4800
841, 192.168.0.11:51070, 0.235009, 62, 4800
627, 192.168.0.11:50924, 0.241069, 62, 4800
293, 192.168.0.11:50678, 0.249053, 62, 4800
357, 192.168.0.11:50722, 0.247254, 62, 4800
636, 192.168.0.11:50930, 0.240898, 62, 4800
1054, 192.168.0.11:51198, 0.227757, 62, 4800
1260, 192.168.0.11:51358, 0.220587, 62, 4800
516, 192.168.0.11:50848, 0.244168, 62, 4800
603, 192.168.0.11:50908, 0.242004, 62, 4800
799, 192.168.0.10:33488, 0.236789, 62, 4800
298, 192.168.0.10:33126, 0.249482, 62, 4800
368, 192.168.0.10:33174, 0.247546, 62, 4800
811, 192.168.0.10:33496, 0.236823, 62, 4800
308, 192.168.0.10:33132, 0.249713, 62, 4800
728, 192.168.0.10:33438, 0.239571, 62, 4800
551, 192.168.0.11:50872, 0.244423, 62, 4800
707, 192.168.0.10:33424, 0.240185, 62, 4800
1075, 192.168.0.10:33648, 0.227757, 62, 4800
434, 192.168.0.10:33218, 0.246867, 62, 4800
1352, 192.168.0.11:51444, 0.213611, 62, 4800
1057, 192.168.0.11:51200, 0.228732, 62, 4800
754, 192.168.0.10:33456, 0.238944, 62, 4800
419, 192.168.0.10:33208, 0.247354, 62, 4800
621, 192.168.0.11:50920, 0.242744, 62, 4800
1252, 192.168.0.10:33790, 0.222514, 62, 4800
315, 192.168.0.10:33138, 0.249899, 62, 4800
430, 192.168.0.10:33216, 0.247415, 62, 4800
203, 192.168.0.10:33056, 0.253837, 62, 4800
331, 192.168.0.10:33148, 0.249583, 62, 4800
493, 192.168.0.10:33272, 0.246414, 62, 4800
232, 192.168.0.10:33078, 0.253243, 62, 4800
891, 192.168.0.10:33524, 0.235790, 62, 4800
789, 192.168.0.10:33480, 0.238694, 62, 4800
348, 192.168.0.10:33160, 0.249546, 62, 4800
1072, 192.168.0.10:33646, 0.228846, 62, 4800
1477, 192.168.0.10:33994, 0.200259, 62, 4800
397, 192.168.0.10:33194, 0.248550, 62, 4800
256, 192.168.0.10:33096, 0.252605, 62, 4800
188, 192.168.0.10:33048, 0.255071, 62, 4800
543, 192.168.0.10:33310, 0.245880, 62, 4800
717, 192.168.0.10:33430, 0.241701, 62, 4800
342, 192.168.0.10:33156, 0.250499, 62, 4800
613, 192.168.0.10:33358, 0.244549, 62, 4800
366, 192.168.0.10:33172, 0.250168, 62, 4800
406, 192.168.0.11:50756, 0.249390, 62, 4800
377, 192.168.0.11:50736, 0.250072, 62, 4800
581, 192.168.0.11:50892, 0.245742, 62, 4800
249, 192.168.0.10:33090, 0.253997, 62, 4800
511, 192.168.0.10:33288, 0.247538, 62, 4800
296, 192.168.0.11:50680, 0.252487, 62, 4800
469, 192.168.0.11:50804, 0.248386, 62, 4800
726, 192.168.0.10:33436, 0.242054, 62, 4800
1167, 192.168.0.11:51274, 0.227025, 62, 4800
292, 192.168.0.10:33122, 0.252699, 62, 4800
818, 192.168.0.10:33500, 0.239436, 62, 4800
1325, 192.168.0.11:51418, 0.219204, 62, 4800
310, 192.168.0.10:33134, 0.252406, 62, 4800
1353, 192.168.0.11:51446, 0.216067, 62, 4800
612, 192.168.0.11:50914, 0.245378, 62, 4800
1164, 192.168.0.11:51272, 0.227437, 62, 4800
879, 192.168.0.10:33512, 0.237919, 62, 4800
372, 192.168.0.10:33176, 0.250934, 62, 4800
850, 192.168.0.11:51078, 0.239002, 62, 4800
318, 192.168.0.10:33140, 0.252418, 62, 4800
955, 192.168.0.11:51130, 0.235674, 62, 4800
693, 192.168.0.11:50968, 0.243456, 62, 4800
424, 192.168.0.11:50768, 0.250003, 62, 4800
781, 192.168.0.11:51028, 0.241057, 62, 4800
514, 192.168.0.10:33290, 0.248286, 62, 4800
139, 192.168.0.10:33024, 0.258968, 62, 4800
225, 192.168.0.10:33072, 0.255721, 62, 4800
640, 192.168.0.10:33378, 0.245050, 62, 4800
455, 192.168.0.11:50790, 0.249885, 62, 4800
1269, 192.168.0.11:51366, 0.224609, 62, 4800
347, 192.168.0.11:50716, 0.252301, 62, 4800
591, 192.168.0.10:33344, 0.247051, 62, 4800
1478, 192.168.0.11:51576, 0.202943, 62, 4800
835, 192.168.0.11:51064, 0.240351, 62, 4800
482, 192.168.0.11:50818, 0.249672, 62, 4800
651, 192.168.0.11:50940, 0.245464, 62, 4800
1235, 192.168.0.11:51336, 0.226866, 62, 4800
1416, 192.168.0.11:51504, 0.210063, 62, 4800
992, 192.168.0.10:33592, 0.235491, 62, 4800
1190, 192.168.0.11:51292, 0.227870, 62, 4800
1238, 192.168.0.10:33776, 0.226869, 62, 4800
403, 192.168.0.11:50754, 0.251394, 62, 4800
380, 192.168.0.11:50738, 0.251881, 62, 4800
158, 192.168.0.10:33032, 0.258914, 62, 4800
617, 192.168.0.10:33362, 0.246607, 62, 4800
743, 192.168.0.10:33448, 0.243202, 62, 4800
847, 192.168.0.11:51076, 0.240231, 62, 4800
548, 192.168.0.10:33314, 0.248579, 62, 4800
1128, 192.168.0.11:51248, 0.229806, 62, 4800
211, 192.168.0.11:50630, 0.257131, 62, 4800
710, 192.168.0.11:50980, 0.244245, 62, 4800
701, 192.168.0.10:33420, 0.244456, 62, 4800
462, 192.168.0.11:50798, 0.250426, 62, 4800
704, 192.168.0.11:50976, 0.244453, 62, 4800
980, 192.168.0.11:51146, 0.236153, 62, 4800
1035, 192.168.0.11:51184, 0.233805, 62, 4800
1226, 192.168.0.11:51326, 0.227425, 62, 4800
1299, 192.168.0.11:51394, 0.223260, 62, 4800
809, 192.168.0.11:51046, 0.241599, 62, 4800
1158, 192.168.0.11:51268, 0.229273, 62, 4800
459, 192.168.0.11:50794, 0.250727, 62, 4800
952, 192.168.0.11:51128, 0.237265, 62, 4800
624, 192.168.0.11:50922, 0.246914, 62, 4800
769, 192.168.0.11:51020, 0.242781, 62, 4800
1114, 192.168.0.11:51240, 0.230565, 62, 4800
481, 192.168.0.11:50816, 0.250402, 62, 4800
167, 192.168.0.10:33036, 0.259177, 62, 4800
837, 192.168.0.11:51066, 0.241038, 62, 4800
1118, 192.168.0.11:51242, 0.230525, 62, 4800
520, 192.168.0.11:50850, 0.249721, 62, 4800
328, 192.168.0.10:33146, 0.253716, 62, 4800
797, 192.168.0.11:51038, 0.242198, 62, 4800
484, 192.168.0.11:50820, 0.250470, 62, 4800
806, 192.168.0.11:51044, 0.242030, 62, 4800
775, 192.168.0.11:51024, 0.242867, 62, 4800
539, 192.168.0.11:50864, 0.249467, 62, 4800
1069, 192.168.0.11:51208, 0.232830, 62, 4800
1122, 192.168.0.11:51244, 0.230735, 62, 4800
338, 192.168.0.11:50710, 0.253698, 62, 4800
961, 192.168.0.10:33572, 0.237488, 62, 4800
906, 192.168.0.10:33534, 0.239344, 62, 4800
512, 192.168.0.11:50844, 0.250217, 62, 4800
858, 192.168.0.11:51086, 0.240845, 62, 4800
592, 192.168.0.11:50900, 0.248273, 62, 4800
1094, 192.168.0.11:51226, 0.231865, 62, 4800
381, 192.168.0.10:33182, 0.252906, 62, 4800
752, 192.168.0.11:51008, 0.243940, 62, 4800
365, 192.168.0.11:50728, 0.253271, 62, 4800
739, 192.168.0.11:51000, 0.244368, 62, 4800
488, 192.168.0.10:33268, 0.250839, 62, 4800
313, 192.168.0.11:50692, 0.254816, 62, 4800
742, 192.168.0.11:51002, 0.244312, 62, 4800
243, 192.168.0.10:33086, 0.257207, 62, 4800
1246, 192.168.0.11:51346, 0.227829, 62, 4800
578, 192.168.0.11:50890, 0.248931, 62, 4800
398, 192.168.0.11:50750, 0.252823, 62, 4800
1464, 192.168.0.11:51562, 0.205632, 62, 4800
322, 192.168.0.11:50698, 0.254812, 62, 4800
456, 192.168.0.11:50792, 0.251834, 62, 4800
492, 192.168.0.11:50828, 0.251320, 62, 4800
222, 192.168.0.10:33070, 0.258381, 62, 4800
949, 192.168.0.11:51126, 0.238640, 62, 4800
535, 192.168.0.10:33304, 0.250528, 62, 4800
1340, 192.168.0.10:33868, 0.220953, 62, 4800
1319, 192.168.0.11:51414, 0.222832, 62, 4800
637, 192.168.0.11:50932, 0.247776, 62, 4800
1219, 192.168.0.11:51320, 0.229027, 62, 4800
676, 192.168.0.11:50956, 0.246824, 62, 4800
895, 192.168.0.11:51092, 0.240521, 62, 4800
796, 192.168.0.10:33486, 0.243451, 62, 4800
982, 192.168.0.10:33586, 0.237839, 62, 4800
1043, 192.168.0.11:51190, 0.235251, 62, 4800
1220, 192.168.0.10:33758, 0.229256, 62, 4800
1460, 192.168.0.11:51558, 0.206733, 62, 4800
1205, 192.168.0.10:33742, 0.229653, 62, 4800
765, 192.168.0.10:33464, 0.244481, 62, 4800
234, 192.168.0.10:33080, 0.258344, 62, 4800
649, 192.168.0.10:33384, 0.247799, 62, 4800
437, 192.168.0.10:33220, 0.252961, 62, 4800
208, 192.168.0.10:33060, 0.259324, 62, 4800
655, 192.168.0.10:33388, 0.247690, 62, 4800
289, 192.168.0.10:33120, 0.256664, 62, 4800
921, 192.168.0.11:51108, 0.240287, 62, 4800
607, 192.168.0.11:50910, 0.249270, 62, 4800
1316, 192.168.0.10:33846, 0.223817, 62, 4800
919, 192.168.0.10:33544, 0.240445, 62, 4800
128, 192.168.0.10:33020, 0.262819, 62, 4800
468, 192.168.0.10:33248, 0.252614, 62, 4800
1473, 192.168.0.11:51572, 0.206252, 62, 4800
431, 192.168.0.11:50772, 0.253540, 62, 4800
1162, 192.168.0.10:33706, 0.231422, 62, 4800
1032, 192.168.0.11:51182, 0.236376, 62, 4800
402, 192.168.0.10:33196, 0.254155, 62, 4800
475, 192.168.0.10:33254, 0.252688, 62, 4800
712, 192.168.0.10:33428, 0.246780, 62, 4800
856, 192.168.0.11:51084, 0.242690, 62, 4800
532, 192.168.0.10:33302, 0.251628, 62, 4800
480, 192.168.0.10:33260, 0.252642, 62, 4800
1281, 192.168.0.11:51376, 0.227054, 62, 4800
905, 192.168.0.11:51098, 0.241184, 62, 4800
630, 192.168.0.11:50926, 0.249015, 62, 4800
1348, 192.168.0.11:51440, 0.221380, 62, 4800
1157, 192.168.0.10:33702, 0.231813, 62, 4800
415, 192.168.0.11:50762, 0.254087, 62, 4800
268, 192.168.0.10:33104, 0.258050, 62, 4800
1213, 192.168.0.11:51314, 0.230332, 62, 4800
784, 192.168.0.11:51030, 0.244929, 62, 4800
1003, 192.168.0.10:33600, 0.238194, 62, 4800
660, 192.168.0.10:33392, 0.248377, 62, 4800
160, 192.168.0.11:50604, 0.261913, 62, 4800
1159, 192.168.0.10:33704, 0.231925, 62, 4800
1183, 192.168.0.11:51284, 0.231188, 62, 4800
610, 192.168.0.11:50912, 0.249875, 62, 4800
177, 192.168.0.10:33042, 0.261524, 62, 4800
931, 192.168.0.11:51114, 0.240832, 62, 4800
1453, 192.168.0.11:51550, 0.208453, 62, 4800
846, 192.168.0.11:51074, 0.243532, 62, 4800
1040, 192.168.0.11:51188, 0.236679, 62, 4800
1293, 192.168.0.10:33824, 0.226797, 62, 4800
501, 192.168.0.10:33280, 0.252825, 62, 4800
638, 192.168.0.10:33376, 0.249373, 62, 4800
528, 192.168.0.10:33300, 0.252319, 62, 4800
237, 192.168.0.10:33082, 0.259526, 62, 4800
1240, 192.168.0.10:33778, 0.230289, 62, 4800
1377, 192.168.0.11:51468, 0.216002, 62, 4800
749, 192.168.0.11:51006, 0.246430, 62, 4800
411, 192.168.0.10:33202, 0.254732, 62, 4800
577, 192.168.0.10:33334, 0.251286, 62, 4800
1386, 192.168.0.11:51478, 0.215209, 62, 4800
654, 192.168.0.11:50942, 0.249101, 62, 4800
213, 192.168.0.10:33064, 0.260593, 62, 4800
210, 192.168.0.10:33062, 0.260683, 62, 4800
1198, 192.168.0.11:51300, 0.231394, 62, 4800
1426, 192.168.0.11:51514, 0.213725, 62, 4800
388, 192.168.0.10:33188, 0.255375, 62, 4800
690, 192.168.0.11:50966, 0.248213, 62, 4800
1263, 192.168.0.10:33800, 0.229045, 62, 4800
440, 192.168.0.11:50778, 0.254408, 62, 4800
364, 192.168.0.10:33170, 0.255970, 62, 4800
1068, 192.168.0.10:33644, 0.235749, 62, 4800
635, 192.168.0.10:33374, 0.249808, 62, 4800
1394, 192.168.0.11:51486, 0.214237, 62, 4800
466, 192.168.0.10:33246, 0.253914, 62, 4800
1022, 192.168.0.11:51176, 0.237917, 62, 4800
913, 192.168.0.10:33540, 0.241958, 62, 4800
976, 192.168.0.11:51144, 0.239790, 62, 4800
928, 192.168.0.10:33550, 0.241487, 62, 4800
1334, 192.168.0.11:51426, 0.223305, 62, 4800
473, 192.168.0.11:50808, 0.253838, 62, 4800
948, 192.168.0.10:33564, 0.240791, 62, 4800
1215, 192.168.0.11:51316, 0.231207, 62, 4800
761, 192.168.0.11:51014, 0.246418, 62, 4800
724, 192.168.0.11:50990, 0.247639, 62, 4800
450, 192.168.0.10:33230, 0.254426, 62, 4800
412, 192.168.0.10:33204, 0.255158, 62, 4800
632, 192.168.0.10:33372, 0.250074, 62, 4800
716, 192.168.0.11:50984, 0.247934, 62, 4800
589, 192.168.0.10:33342, 0.251328, 62, 4800
359, 192.168.0.11:50724, 0.256310, 62, 4800
421, 192.168.0.11:50766, 0.255041, 62, 4800
778, 192.168.0.11:51026, 0.246057, 62, 4800
506, 192.168.0.10:33284, 0.253377, 62, 4800
325, 192.168.0.10:33144, 0.257272, 62, 4800
1196, 192.168.0.11:51298, 0.231851, 62, 4800
661, 192.168.0.11:50946, 0.249454, 62, 4800
706, 192.168.0.11:50978, 0.248319, 62, 4800
558, 192.168.0.10:33320, 0.252415, 62, 4800
519, 192.168.0.10:33294, 0.253294, 62, 4800
1320, 192.168.0.10:33850, 0.225201, 62, 4800
734, 192.168.0.10:33442, 0.247654, 62, 4800
495, 192.168.0.10:33274, 0.253931, 62, 4800
979, 192.168.0.10:33584, 0.240283, 62, 4800
1275, 192.168.0.11:51372, 0.228927, 62, 4800
757, 192.168.0.11:51012, 0.247036, 62, 4800
1024, 192.168.0.10:33614, 0.238472, 62, 4800
954, 192.168.0.10:33568, 0.241183, 62, 4800
609, 192.168.0.10:33356, 0.251236, 62, 4800
378, 192.168.0.10:33180, 0.256385, 62, 4800
1150, 192.168.0.10:33698, 0.233619, 62, 4800
276, 192.168.0.10:33110, 0.259341, 62, 4800
502, 192.168.0.11:50838, 0.253917, 62, 4800
515, 192.168.0.11:50846, 0.253710, 62, 4800
1233, 192.168.0.10:33772, 0.231514, 62, 4800
937, 192.168.0.10:33556, 0.241843, 62, 4800
246, 192.168.0.10:33088, 0.260380, 62, 4800
684, 192.168.0.11:50962, 0.249273, 62, 4800
971, 192.168.0.11:51140, 0.240761, 62, 4800
1136, 192.168.0.10:33688, 0.234098, 62, 4800
1062, 192.168.0.10:33640, 0.236895, 62, 4800
1313, 192.168.0.11:51408, 0.226289, 62, 4800
202, 192.168.0.11:50626, 0.261929, 62, 4800
896, 192.168.0.10:33528, 0.243300, 62, 4800
563, 192.168.0.10:33324, 0.252780, 62, 4800
1083, 192.168.0.11:51218, 0.236111, 62, 4800
445, 192.168.0.11:50782, 0.255300, 62, 4800
1264, 192.168.0.11:51362, 0.229995, 62, 4800
549, 192.168.0.11:50870, 0.253229, 62, 4800
1192, 192.168.0.11:51294, 0.232670, 62, 4800
253, 192.168.0.10:33094, 0.260442, 62, 4800
1060, 192.168.0.10:33638, 0.237268, 62, 4800
780, 192.168.0.10:33474, 0.246876, 62, 4800
820, 192.168.0.11:51054, 0.245790, 62, 4800
1214, 192.168.0.10:33752, 0.232248, 62, 4800
413, 192.168.0.11:50760, 0.256127, 62, 4800
523, 192.168.0.11:50852, 0.253958, 62, 4800
422, 192.168.0.10:33210, 0.255988, 62, 4800
1379, 192.168.0.11:51470, 0.217329, 62, 4800
533, 192.168.0.11:50860, 0.253815, 62, 4800
1095, 192.168.0.10:33660, 0.235925, 62, 4800
1441, 192.168.0.11:51536, 0.211378, 62, 4800
998, 192.168.0.10:33596, 0.240509, 62, 4800
1110, 192.168.0.11:51236, 0.235304, 62, 4800
736, 192.168.0.11:50998, 0.248536, 62, 4800
1273, 192.168.0.11:51370, 0.229896, 62, 4800
1346, 192.168.0.11:51438, 0.223923, 62, 4800
1133, 192.168.0.10:33686, 0.234844, 62, 4800
652, 192.168.0.10:33386, 0.250811, 62, 4800
559, 192.168.0.10:33322, 0.253516, 62, 4800
826, 192.168.0.10:33506, 0.246060, 62, 4800
916, 192.168.0.10:33542, 0.243381, 62, 4800
408, 192.168.0.10:33200, 0.256673, 62, 4800
571, 192.168.0.10:33330, 0.253192, 62, 4800
1208, 192.168.0.10:33746, 0.232870, 62, 4800
1011, 192.168.0.11:51168, 0.240136, 62, 4800
958, 192.168.0.10:33570, 0.242031, 62, 4800
1009, 192.168.0.10:33604, 0.240307, 62, 4800
505, 192.168.0.11:50840, 0.254774, 62, 4800
962, 192.168.0.11:51134, 0.241975, 62, 4800
509, 192.168.0.11:50842, 0.254755, 62, 4800
1403, 192.168.0.11:51494, 0.215749, 62, 4800
392, 192.168.0.11:50746, 0.257135, 62, 4800
1028, 192.168.0.11:51180, 0.239431, 62, 4800
1350, 192.168.0.11:51442, 0.223657, 62, 4800
912, 192.168.0.11:51102, 0.243876, 62, 4800
1221, 192.168.0.11:51322, 0.232906, 62, 4800
1174, 192.168.0.11:51278, 0.234174, 62, 4800
1149, 192.168.0.11:51262, 0.234885, 62, 4800
1360, 192.168.0.11:51452, 0.221026, 62, 4800
1211, 192.168.0.11:51312, 0.233200, 62, 4800
1470, 192.168.0.11:51568, 0.209731, 62, 4800
1209, 192.168.0.11:51310, 0.233290, 62, 4800
965, 192.168.0.11:51136, 0.242294, 62, 4800
374, 192.168.0.11:50734, 0.257851, 62, 4800
908, 192.168.0.10:33536, 0.244170, 62, 4800
803, 192.168.0.11:51042, 0.247278, 62, 4800
1283, 192.168.0.11:51378, 0.230069, 62, 4800
914, 192.168.0.11:51104, 0.244081, 62, 4800
1161, 192.168.0.11:51270, 0.234709, 62, 4800
899, 192.168.0.11:51094, 0.244540, 62, 4800
1307, 192.168.0.11:51402, 0.228305, 62, 4800
1227, 192.168.0.11:51328, 0.233100, 62, 4800
1255, 192.168.0.11:51354, 0.231956, 62, 4800
718, 192.168.0.11:50986, 0.249970, 62, 4800
1472, 192.168.0.11:51570, 0.209841, 62, 4800
983, 192.168.0.11:51148, 0.241930, 62, 4800
375, 192.168.0.10:33178, 0.258067, 62, 4800
942, 192.168.0.11:51122, 0.243195, 62, 4800
1098, 192.168.0.11:51228, 0.236734, 62, 4800
1369, 192.168.0.11:51460, 0.220014, 62, 4800
1249, 192.168.0.11:51348, 0.232606, 62, 4800
1278, 192.168.0.11:51374, 0.230604, 62, 4800
1297, 192.168.0.11:51392, 0.229352, 62, 4800
560, 192.168.0.11:50878, 0.254502, 62, 4800
1019, 192.168.0.11:51174, 0.240567, 62, 4800
1206, 192.168.0.11:51308, 0.233894, 62, 4800
1239, 192.168.0.11:51340, 0.233251, 62, 4800
1155, 192.168.0.11:51266, 0.235334, 62, 4800
1434, 192.168.0.11:51522, 0.216278, 62, 4800
985, 192.168.0.11:51150, 0.242410, 62, 4800
584, 192.168.0.11:50894, 0.254169, 62, 4800
1317, 192.168.0.11:51412, 0.227991, 62, 4800
817, 192.168.0.11:51052, 0.247769, 62, 4800
1008, 192.168.0.11:51166, 0.241723, 62, 4800
688, 192.168.0.10:33412, 0.251377, 62, 4800
1382, 192.168.0.10:33906, 0.218882, 62, 4800
522, 192.168.0.10:33296, 0.255902, 62, 4800
1286, 192.168.0.11:51380, 0.230916, 62, 4800
470, 192.168.0.10:33250, 0.256943, 62, 4800
585, 192.168.0.10:33340, 0.254367, 62, 4800
1366, 192.168.0.11:51458, 0.221198, 62, 4800
825, 192.168.0.11:51056, 0.247755, 62, 4800
678, 192.168.0.11:50958, 0.251898, 62, 4800
1418, 192.168.0.11:51506, 0.217109, 62, 4800
1087, 192.168.0.10:33656, 0.238237, 62, 4800
829, 192.168.0.10:33508, 0.247699, 62, 4800
574, 192.168.0.11:50888, 0.254783, 62, 4800
995, 192.168.0.10:33594, 0.242594, 62, 4800
227, 192.168.0.10:33074, 0.263630, 62, 4800
1037, 192.168.0.11:51186, 0.240605, 62, 4800
1424, 192.168.0.11:51512, 0.217241, 62, 4800
1050, 192.168.0.11:51194, 0.240314, 62, 4800
692, 192.168.0.10:33414, 0.251718, 62, 4800
1152, 192.168.0.11:51264, 0.236301, 62, 4800
565, 192.168.0.10:33326, 0.255293, 62, 4800
1186, 192.168.0.11:51288, 0.235261, 62, 4800
1092, 192.168.0.11:51224, 0.238230, 62, 4800
1015, 192.168.0.10:33608, 0.241787, 62, 4800
336, 192.168.0.10:33152, 0.260097, 62, 4800
663, 192.168.0.11:50948, 0.252575, 62, 4800
1217, 192.168.0.11:51318, 0.234592, 62, 4800
986, 192.168.0.10:33588, 0.243090, 62, 4800
453, 192.168.0.10:33232, 0.257788, 62, 4800
665, 192.168.0.10:33396, 0.252569, 62, 4800
1103, 192.168.0.11:51232, 0.237768, 62, 4800
1358, 192.168.0.11:51450, 0.223149, 62, 4800
1258, 192.168.0.10:33796, 0.233103, 62, 4800
478, 192.168.0.10:33258, 0.257326, 62, 4800
823, 192.168.0.10:33504, 0.248273, 62, 4800
483, 192.168.0.10:33262, 0.257253, 62, 4800
582, 192.168.0.10:33338, 0.254997, 62, 4800
531, 192.168.0.11:50858, 0.256350, 62, 4800
686, 192.168.0.11:50964, 0.252125, 62, 4800
859, 192.168.0.11:51088, 0.247258, 62, 4800
1415, 192.168.0.10:33942, 0.217628, 62, 4800
1314, 192.168.0.10:33844, 0.229019, 62, 4800
923, 192.168.0.10:33546, 0.245323, 62, 4800
1188, 192.168.0.11:51290, 0.235460, 62, 4800
1223, 192.168.0.11:51324, 0.234685, 62, 4800
759, 192.168.0.10:33460, 0.250151, 62, 4800
924, 192.168.0.11:51110, 0.245367, 62, 4800
1204, 192.168.0.11:51306, 0.235182, 62, 4800
894, 192.168.0.10:33526, 0.246356, 62, 4800
815, 192.168.0.10:33498, 0.248692, 62, 4800
1459, 192.168.0.10:33976, 0.212304, 62, 4800
1200, 192.168.0.11:51302, 0.235294, 62, 4800
993, 192.168.0.11:51156, 0.243143, 62, 4800
1483, 192.168.0.11:51580, 0.209438, 62, 4800
529, 192.168.0.11:50856, 0.256588, 62, 4800
525, 192.168.0.10:33298, 0.256667, 62, 4800
1184, 192.168.0.11:51286, 0.235727, 62, 4800
1030, 192.168.0.10:33618, 0.241453, 62, 4800
1231, 192.168.0.11:51332, 0.234758, 62, 4800
1059, 192.168.0.11:51202, 0.240248, 62, 4800
1455, 192.168.0.11:51552, 0.212761, 62, 4800
1245, 192.168.0.10:33784, 0.234391, 62, 4800
1339, 192.168.0.11:51430, 0.227063, 62, 4800
1146, 192.168.0.11:51260, 0.237036, 62, 4800
1187, 192.168.0.10:33724, 0.235765, 62, 4800
812, 192.168.0.11:51048, 0.248958, 62, 4800
1244, 192.168.0.11:51344, 0.234487, 62, 4800
1290, 192.168.0.11:51384, 0.231523, 62, 4800
265, 192.168.0.10:33102, 0.263043, 62, 4800
361, 192.168.0.10:33168, 0.260154, 62, 4800
720, 192.168.0.10:33432, 0.251733, 62, 4800
852, 192.168.0.11:51080, 0.247897, 62, 4800
1342, 192.168.0.11:51434, 0.226935, 62, 4800
1045, 192.168.0.11:51192, 0.241059, 62, 4800
556, 192.168.0.11:50876, 0.256183, 62, 4800
144, 192.168.0.10:33026, 0.267426, 62, 4800
460, 192.168.0.10:33240, 0.258178, 62, 4800
1462, 192.168.0.11:51560, 0.212398, 62, 4800
1242, 192.168.0.11:51342, 0.234697, 62, 4800
1448, 192.168.0.11:51544, 0.213547, 62, 4800
1237, 192.168.0.11:51338, 0.234855, 62, 4800
1042, 192.168.0.10:33626, 0.241213, 62, 4800
1081, 192.168.0.10:33652, 0.239476, 62, 4800
750, 192.168.0.10:33454, 0.250870, 62, 4800
1180, 192.168.0.10:33718, 0.236229, 62, 4800
946, 192.168.0.10:33562, 0.244975, 62, 4800
674, 192.168.0.10:33402, 0.253005, 62, 4800
973, 192.168.0.10:33580, 0.244084, 62, 4800
687, 192.168.0.10:33410, 0.252615, 62, 4800
385, 192.168.0.10:33186, 0.259774, 62, 4800
1398, 192.168.0.11:51490, 0.218305, 62, 4800
597, 192.168.0.10:33348, 0.255128, 62, 4800
945, 192.168.0.11:51124, 0.245042, 62, 4800
568, 192.168.0.10:33328, 0.255966, 62, 4800
1185, 192.168.0.10:33722, 0.236076, 62, 4800
446, 192.168.0.10:33226, 0.258657, 62, 4800
629, 192.168.0.10:33370, 0.254292, 62, 4800
900, 192.168.0.10:33530, 0.246620, 62, 4800
727, 192.168.0.11:50992, 0.251721, 62, 4800
774, 192.168.0.10:33470, 0.250261, 62, 4800
1191, 192.168.0.10:33728, 0.236011, 62, 4800
540, 192.168.0.10:33308, 0.256766, 62, 4800
790, 192.168.0.10:33482, 0.249808, 62, 4800
1145, 192.168.0.11:51258, 0.237455, 62, 4800
656, 192.168.0.11:50944, 0.253530, 62, 4800
542, 192.168.0.11:50866, 0.256744, 62, 4800
273, 192.168.0.10:33108, 0.263080, 62, 4800
449, 192.168.0.10:33228, 0.258703, 62, 4800
808, 192.168.0.10:33494, 0.249392, 62, 4800
604, 192.168.0.10:33352, 0.255076, 62, 4800
575, 192.168.0.10:33332, 0.255902, 62, 4800
598, 192.168.0.11:50904, 0.255251, 62, 4800
1104, 192.168.0.10:33666, 0.238565, 62, 4800
662, 192.168.0.10:33394, 0.253479, 62, 4800
1230, 192.168.0.11:51330, 0.235258, 62, 4800
1406, 192.168.0.11:51496, 0.218407, 62, 4800
601, 192.168.0.10:33350, 0.255213, 62, 4800
666, 192.168.0.11:50950, 0.253432, 62, 4800
467, 192.168.0.11:50802, 0.258369, 62, 4800
340, 192.168.0.10:33154, 0.260969, 62, 4800
1420, 192.168.0.11:51508, 0.218342, 62, 4800
572, 192.168.0.11:50886, 0.256075, 62, 4800
1300, 192.168.0.10:33830, 0.231146, 62, 4800
805, 192.168.0.10:33492, 0.249611, 62, 4800
1077, 192.168.0.11:51214, 0.239937, 62, 4800
832, 192.168.0.10:33510, 0.248896, 62, 4800
1177, 192.168.0.10:33716, 0.236644, 62, 4800
1171, 192.168.0.11:51276, 0.236849, 62, 4800
1089, 192.168.0.11:51222, 0.239472, 62, 4800
1475, 192.168.0.11:51574, 0.211764, 62, 4800
1322, 192.168.0.11:51416, 0.229220, 62, 4800
939, 192.168.0.11:51120, 0.245563, 62, 4800
1444, 192.168.0.11:51540, 0.214411, 62, 4800
1364, 192.168.0.11:51456, 0.222935, 62, 4800
1005, 192.168.0.11:51164, 0.243429, 62, 4800
1033, 192.168.0.10:33620, 0.242030, 62, 4800
1305, 192.168.0.11:51400, 0.230897, 62, 4800
474, 192.168.0.11:50810, 0.258383, 62, 4800
312, 192.168.0.10:33136, 0.262126, 62, 4800
193, 192.168.0.10:33050, 0.266076, 62, 4800
1408, 192.168.0.11:51498, 0.218635, 62, 4800
644, 192.168.0.11:50936, 0.254253, 62, 4800
1274, 192.168.0.10:33808, 0.233151, 62, 4800
1066, 192.168.0.11:51206, 0.240576, 62, 4800
1296, 192.168.0.11:51390, 0.231710, 62, 4800
839, 192.168.0.11:51068, 0.248870, 62, 4800
643, 192.168.0.10:33380, 0.254298, 62, 4800
771, 192.168.0.10:33468, 0.250740, 62, 4800
1343, 192.168.0.10:33870, 0.227453, 62, 4800
996, 192.168.0.11:51158, 0.243912, 62, 4800
1452, 192.168.0.11:51548, 0.213714, 62, 4800
748, 192.168.0.10:33452, 0.251504, 62, 4800
783, 192.168.0.10:33476, 0.250463, 62, 4800
1341, 192.168.0.11:51432, 0.227706, 62, 4800
1201, 192.168.0.10:33738, 0.236194, 62, 4800
902, 192.168.0.11:51096, 0.247028, 62, 4800
721, 192.168.0.11:50988, 0.252406, 62, 4800
918, 192.168.0.11:51106, 0.246599, 62, 4800
1207, 192.168.0.10:33744, 0.236147, 62, 4800
1428, 192.168.0.11:51516, 0.218646, 62, 4800
1315, 192.168.0.11:51410, 0.230120, 62, 4800
1012, 192.168.0.10:33606, 0.243307, 62, 4800
1262, 192.168.0.11:51360, 0.234097, 62, 4800
1195, 192.168.0.10:33732, 0.236462, 62, 4800
1055, 192.168.0.10:33634, 0.241414, 62, 4800
1425, 192.168.0.10:33952, 0.218720, 62, 4800
800, 192.168.0.11:51040, 0.250141, 62, 4800
304, 192.168.0.10:33130, 0.262647, 62, 4800
1063, 192.168.0.11:51204, 0.240963, 62, 4800
1287, 192.168.0.10:33818, 0.232715, 62, 4800
1243, 192.168.0.10:33782, 0.235458, 62, 4800
1216, 192.168.0.10:33754, 0.236026, 62, 4800
1194, 192.168.0.11:51296, 0.236569, 62, 4800
794, 192.168.0.11:51036, 0.250357, 62, 4800
1279, 192.168.0.10:33812, 0.233100, 62, 4800
1051, 192.168.0.10:33632, 0.241720, 62, 4800
1265, 192.168.0.10:33802, 0.233952, 62, 4800
1440, 192.168.0.11:51534, 0.215133, 62, 4800
1165, 192.168.0.10:33708, 0.237490, 62, 4800
1131, 192.168.0.11:51250, 0.238440, 62, 4800
733, 192.168.0.11:50996, 0.252285, 62, 4800
1357, 192.168.0.10:33882, 0.224879, 62, 4800
1480, 192.168.0.11:51578, 0.211641, 62, 4800
737, 192.168.0.10:33444, 0.252207, 62, 4800
1202, 192.168.0.11:51304, 0.236491, 62, 4800
1326, 192.168.0.11:51420, 0.229443, 62, 4800
356, 192.168.0.10:33166, 0.261282, 62, 4800
885, 192.168.0.10:33518, 0.247906, 62, 4800
618, 192.168.0.11:50918, 0.255450, 62, 4800
1389, 192.168.0.10:33912, 0.219921, 62, 4800
1143, 192.168.0.10:33694, 0.238277, 62, 4800
1458, 192.168.0.11:51556, 0.213666, 62, 4800
1485, 192.168.0.11:51582, 0.210110, 62, 4800
1014, 192.168.0.11:51170, 0.243518, 62, 4800
1311, 192.168.0.11:51406, 0.230830, 62, 4800
936, 192.168.0.11:51118, 0.246305, 62, 4800
791, 192.168.0.11:51034, 0.250682, 62, 4800
888, 192.168.0.10:33522, 0.248018, 62, 4800
279, 192.168.0.10:33112, 0.263813, 62, 4800
1354, 192.168.0.10:33880, 0.226233, 62, 4800
777, 192.168.0.10:33472, 0.251195, 62, 4800
1109, 192.168.0.10:33670, 0.239273, 62, 4800
1490, 192.168.0.11:51588, 0.207026, 62, 4800
1469, 192.168.0.10:33986, 0.213167, 62, 4800
1116, 192.168.0.10:33674, 0.239243, 62, 4800
1491, 192.168.0.11:51590, 0.205931, 62, 4800
1193, 192.168.0.10:33730, 0.237135, 62, 4800
405, 192.168.0.10:33198, 0.260666, 62, 4800
1446, 192.168.0.11:51542, 0.215135, 62, 4800
1127, 192.168.0.10:33682, 0.238994, 62, 4800
1427, 192.168.0.10:33954, 0.219336, 62, 4800
1457, 192.168.0.11:51554, 0.214109, 62, 4800
990, 192.168.0.11:51154, 0.244968, 62, 4800
967, 192.168.0.10:33576, 0.245728, 62, 4800
1411, 192.168.0.11:51500, 0.219573, 62, 4800
1175, 192.168.0.10:33714, 0.237852, 62, 4800
1236, 192.168.0.10:33774, 0.236343, 62, 4800
1373, 192.168.0.11:51464, 0.222538, 62, 4800
1065, 192.168.0.10:33642, 0.241595, 62, 4800
1153, 192.168.0.10:33700, 0.238447, 62, 4800
977, 192.168.0.10:33582, 0.245424, 62, 4800
1432, 192.168.0.11:51520, 0.219382, 62, 4800
1046, 192.168.0.10:33628, 0.242644, 62, 4800
1181, 192.168.0.11:51282, 0.237712, 62, 4800
887, 192.168.0.10:33520, 0.248481, 62, 4800
1247, 192.168.0.10:33786, 0.236022, 62, 4800
745, 192.168.0.11:51004, 0.252608, 62, 4800
1384, 192.168.0.10:33908, 0.221357, 62, 4800
1178, 192.168.0.11:51280, 0.237844, 62, 4800
890, 192.168.0.11:51090, 0.248431, 62, 4800
1282, 192.168.0.10:33814, 0.233793, 62, 4800
1318, 192.168.0.10:33848, 0.230804, 62, 4800
1210, 192.168.0.10:33748, 0.237028, 62, 4800
1450, 192.168.0.11:51546, 0.215021, 62, 4800
1086, 192.168.0.11:51220, 0.240923, 62, 4800
1435, 192.168.0.11:51524, 0.219392, 62, 4800
1336, 192.168.0.11:51428, 0.228973, 62, 4800
220, 192.168.0.11:50634, 0.266357, 62, 4800
1466, 192.168.0.11:51564, 0.213764, 62, 4800
1443, 192.168.0.11:51538, 0.215836, 62, 4800
703, 192.168.0.10:33422, 0.253936, 62, 4800
756, 192.168.0.10:33458, 0.252392, 62, 4800
1224, 192.168.0.10:33762, 0.236859, 62, 4800
988, 192.168.0.10:33590, 0.245438, 62, 4800
1436, 192.168.0.11:51526, 0.216867, 62, 4800
1303, 192.168.0.11:51398, 0.232441, 62, 4800
1071, 192.168.0.11:51210, 0.241704, 62, 4800
1016, 192.168.0.11:51172, 0.244225, 62, 4800
1383, 192.168.0.11:51474, 0.221717, 62, 4800
1468, 192.168.0.11:51566, 0.213827, 62, 4800
903, 192.168.0.10:33532, 0.248330, 62, 4800
504, 192.168.0.10:33282, 0.259260, 62, 4800
1349, 192.168.0.10:33876, 0.228187, 62, 4800
1270, 192.168.0.11:51368, 0.234811, 62, 4800
1397, 192.168.0.11:51488, 0.220279, 62, 4800
1438, 192.168.0.11:51530, 0.216653, 62, 4800
1371, 192.168.0.11:51462, 0.223550, 62, 4800
681, 192.168.0.11:50960, 0.254768, 62, 4800
853, 192.168.0.11:51082, 0.249996, 62, 4800
1301, 192.168.0.11:51396, 0.232797, 62, 4800
1257, 192.168.0.11:51356, 0.235776, 62, 4800
1381, 192.168.0.11:51472, 0.222270, 62, 4800
1356, 192.168.0.11:51448, 0.226539, 62, 4800
1392, 192.168.0.11:51484, 0.220726, 62, 4800
620, 192.168.0.10:33364, 0.256614, 62, 4800
1100, 192.168.0.10:33664, 0.240639, 62, 4800
1101, 192.168.0.11:51230, 0.240610, 62, 4800
1437, 192.168.0.11:51528, 0.217062, 62, 4800
934, 192.168.0.10:33554, 0.247567, 62, 4800
1253, 192.168.0.11:51352, 0.236256, 62, 4800
909, 192.168.0.11:51100, 0.248441, 62, 4800
1113, 192.168.0.11:51238, 0.240258, 62, 4800
562, 192.168.0.11:50880, 0.258342, 62, 4800
1002, 192.168.0.11:51162, 0.245409, 62, 4800
1400, 192.168.0.11:51492, 0.220488, 62, 4800
1125, 192.168.0.11:51246, 0.240007, 62, 4800
1391, 192.168.0.11:51482, 0.221040, 62, 4800
1134, 192.168.0.11:51252, 0.239858, 62, 4800
1097, 192.168.0.10:33662, 0.240969, 62, 4800
828, 192.168.0.11:51058, 0.251078, 62, 4800
1212, 192.168.0.10:33750, 0.237794, 62, 4800
229, 192.168.0.10:33076, 0.266835, 62, 4800
458, 192.168.0.10:33238, 0.260737, 62, 4800
1121, 192.168.0.10:33678, 0.240241, 62, 4800
1390, 192.168.0.10:33914, 0.221436, 62, 4800
1218, 192.168.0.10:33756, 0.237709, 62, 4800
1289, 192.168.0.10:33820, 0.234335, 62, 4800
1225, 192.168.0.10:33764, 0.237596, 62, 4800
802, 192.168.0.10:33490, 0.251890, 62, 4800
1409, 192.168.0.10:33934, 0.220680, 62, 4800
680, 192.168.0.10:33406, 0.255321, 62, 4800
1291, 192.168.0.10:33822, 0.234115, 62, 4800
768, 192.168.0.10:33466, 0.252824, 62, 4800
695, 192.168.0.10:33416, 0.254944, 62, 4800
1027, 192.168.0.10:33616, 0.244416, 62, 4800
1385, 192.168.0.11:51476, 0.222241, 62, 4800
1404, 192.168.0.10:33928, 0.220772, 62, 4800
1351, 192.168.0.10:33878, 0.228509, 62, 4800
1333, 192.168.0.10:33860, 0.230139, 62, 4800
1017, 192.168.0.10:33610, 0.244940, 62, 4800
1471, 192.168.0.10:33988, 0.214421, 62, 4800
552, 192.168.0.10:33316, 0.259015, 62, 4800
1141, 192.168.0.10:33692, 0.240061, 62, 4800
1327, 192.168.0.10:33854, 0.231079, 62, 4800
1419, 192.168.0.10:33946, 0.220748, 62, 4800
295, 192.168.0.10:33124, 0.264831, 62, 4800
1107, 192.168.0.10:33668, 0.240871, 62, 4800
1000, 192.168.0.10:33598, 0.245926, 62, 4800
1199, 192.168.0.10:33736, 0.238363, 62, 4800
943, 192.168.0.10:33560, 0.247774, 62, 4800
1376, 192.168.0.10:33900, 0.223390, 62, 4800
964, 192.168.0.10:33574, 0.247163, 62, 4800
1021, 192.168.0.10:33612, 0.244913, 62, 4800
1488, 192.168.0.11:51584, 0.210159, 62, 4800
1295, 192.168.0.10:33826, 0.234015, 62, 4800
1332, 192.168.0.11:51424, 0.230462, 62, 4800
439, 192.168.0.10:33222, 0.261445, 62, 4800
1139, 192.168.0.10:33690, 0.240206, 62, 4800
1410, 192.168.0.10:33936, 0.220936, 62, 4800
1365, 192.168.0.10:33890, 0.225264, 62, 4800
1323, 192.168.0.10:33852, 0.231552, 62, 4800
657, 192.168.0.10:33390, 0.256169, 62, 4800
700, 192.168.0.11:50974, 0.255086, 62, 4800
883, 192.168.0.10:33516, 0.249855, 62, 4800
546, 192.168.0.10:33312, 0.259325, 62, 4800
1058, 192.168.0.10:33636, 0.243379, 62, 4800
1399, 192.168.0.10:33922, 0.221081, 62, 4800
485, 192.168.0.10:33264, 0.260586, 62, 4800
1304, 192.168.0.10:33834, 0.233393, 62, 4800
1182, 192.168.0.10:33720, 0.238942, 62, 4800
1479, 192.168.0.10:33996, 0.213747, 62, 4800
1361, 192.168.0.10:33886, 0.225774, 62, 4800
1302, 192.168.0.10:33832, 0.233582, 62, 4800
1362, 192.168.0.11:51454, 0.225690, 62, 4800
740, 192.168.0.10:33446, 0.254117, 62, 4800
1396, 192.168.0.10:33920, 0.221260, 62, 4800
646, 192.168.0.10:33382, 0.256630, 62, 4800
1413, 192.168.0.11:51502, 0.221044, 62, 4800
1388, 192.168.0.11:51480, 0.222097, 62, 4800
1489, 192.168.0.11:51586, 0.209185, 62, 4800
793, 192.168.0.10:33484, 0.252545, 62, 4800
1402, 192.168.0.10:33926, 0.221173, 62, 4800
1112, 192.168.0.10:33672, 0.241020, 62, 4800
1372, 192.168.0.10:33896, 0.224323, 62, 4800
1331, 192.168.0.10:33858, 0.230817, 62, 4800
1036, 192.168.0.10:33622, 0.244482, 62, 4800
1476, 192.168.0.10:33992, 0.214406, 62, 4800
746, 192.168.0.10:33450, 0.254042, 62, 4800
1442, 192.168.0.10:33962, 0.217197, 62, 4800
1309, 192.168.0.11:51404, 0.233072, 62, 4800
1422, 192.168.0.11:51510, 0.221089, 62, 4800
1306, 192.168.0.10:33836, 0.233363, 62, 4800
1039, 192.168.0.10:33624, 0.244374, 62, 4800
1486, 192.168.0.10:34004, 0.211439, 62, 4800
518, 192.168.0.10:33292, 0.260202, 62, 4800
1345, 192.168.0.10:33872, 0.229885, 62, 4800
1454, 192.168.0.10:33972, 0.216085, 62, 4800
1393, 192.168.0.10:33916, 0.221644, 62, 4800
486, 192.168.0.10:33266, 0.260847, 62, 4800
1493, 192.168.0.11:51592, 0.205268, 62, 4800
1439, 192.168.0.11:51532, 0.217619, 62, 4800
498, 192.168.0.10:33278, 0.260603, 62, 4800
1268, 192.168.0.10:33804, 0.236132, 62, 4800
1234, 192.168.0.11:51334, 0.238107, 62, 4800
1241, 192.168.0.10:33780, 0.237947, 62, 4800
1310, 192.168.0.10:33840, 0.233076, 62, 4800
1430, 192.168.0.11:51518, 0.221156, 62, 4800
429, 192.168.0.10:33214, 0.262087, 62, 4800
1284, 192.168.0.10:33816, 0.235332, 62, 4800
1228, 192.168.0.10:33766, 0.238301, 62, 4800
1445, 192.168.0.10:33964, 0.217215, 62, 4800
1368, 192.168.0.10:33892, 0.225319, 62, 4800
394, 192.168.0.10:33192, 0.262798, 62, 4800
1124, 192.168.0.10:33680, 0.241016, 62, 4800
1335, 192.168.0.10:33862, 0.230627, 62, 4800
722, 192.168.0.10:33434, 0.255073, 62, 4800
940, 192.168.0.10:33558, 0.248497, 62, 4800
218, 192.168.0.10:33068, 0.268065, 62, 4800
536, 192.168.0.10:33306, 0.260069, 62, 4800
1222, 192.168.0.10:33760, 0.238496, 62, 4800
1347, 192.168.0.10:33874, 0.230048, 62, 4800
1312, 192.168.0.10:33842, 0.233109, 62, 4800
1292, 192.168.0.11:51386, 0.234919, 62, 4800
1119, 192.168.0.10:33676, 0.241275, 62, 4800
1049, 192.168.0.10:33630, 0.244487, 62, 4800
1494, 192.168.0.11:51594, 0.204742, 62, 4800
1423, 192.168.0.10:33950, 0.221480, 62, 4800
709, 192.168.0.10:33426, 0.255531, 62, 4800
1447, 192.168.0.10:33966, 0.217257, 62, 4800
1091, 192.168.0.10:33658, 0.242434, 62, 4800
1256, 192.168.0.10:33794, 0.237346, 62, 4800
1338, 192.168.0.10:33866, 0.230875, 62, 4800
452, 192.168.0.11:50788, 0.262041, 62, 4800
1461, 192.168.0.10:33978, 0.216221, 62, 4800
1463, 192.168.0.10:33980, 0.216023, 62, 4800
683, 192.168.0.10:33408, 0.256366, 62, 4800
1172, 192.168.0.10:33712, 0.240175, 62, 4800
1250, 192.168.0.10:33788, 0.238040, 62, 4800
1370, 192.168.0.10:33894, 0.225376, 62, 4800
786, 192.168.0.10:33478, 0.253523, 62, 4800
1401, 192.168.0.10:33924, 0.221945, 62, 4800
1484, 192.168.0.10:34002, 0.213185, 62, 4800
1414, 192.168.0.10:33940, 0.221871, 62, 4800
731, 192.168.0.10:33440, 0.255283, 62, 4800
1449, 192.168.0.10:33968, 0.217265, 62, 4800
1130, 192.168.0.10:33684, 0.241384, 62, 4800
1378, 192.168.0.10:33902, 0.224206, 62, 4800
1456, 192.168.0.10:33974, 0.216656, 62, 4800
1363, 192.168.0.10:33888, 0.226449, 62, 4800
821, 192.168.0.10:33502, 0.252686, 62, 4800
1229, 192.168.0.10:33768, 0.238854, 62, 4800
1405, 192.168.0.10:33930, 0.222005, 62, 4800
626, 192.168.0.10:33368, 0.258139, 62, 4800
1421, 192.168.0.10:33948, 0.221897, 62, 4800
1433, 192.168.0.10:33960, 0.221695, 62, 4800
1495, 192.168.0.11:51596, 0.200679, 62, 4800
1431, 192.168.0.10:33958, 0.221768, 62, 4800
1451, 192.168.0.10:33970, 0.217167, 62, 4800
1298, 192.168.0.10:33828, 0.234873, 62, 4800
1387, 192.168.0.10:33910, 0.223267, 62, 4800
508, 192.168.0.10:33286, 0.261153, 62, 4800
1359, 192.168.0.10:33884, 0.227371, 62, 4800
1482, 192.168.0.10:34000, 0.214088, 62, 4800
1084, 192.168.0.10:33654, 0.243279, 62, 4800
1465, 192.168.0.10:33982, 0.216127, 62, 4800
1474, 192.168.0.10:33990, 0.215535, 62, 4800
1330, 192.168.0.10:33856, 0.231865, 62, 4800
910, 192.168.0.10:33538, 0.250161, 62, 4800
1006, 192.168.0.10:33602, 0.246960, 62, 4800
1147, 192.168.0.10:33696, 0.241210, 62, 4800
1308, 192.168.0.10:33838, 0.234168, 62, 4800
1189, 192.168.0.10:33726, 0.239920, 62, 4800
1078, 192.168.0.10:33650, 0.243622, 62, 4800
1374, 192.168.0.10:33898, 0.224987, 62, 4800
1168, 192.168.0.10:33710, 0.240621, 62, 4800
1232, 192.168.0.10:33770, 0.239041, 62, 4800
1417, 192.168.0.10:33944, 0.222178, 62, 4800
1395, 192.168.0.10:33918, 0.222506, 62, 4800
1197, 192.168.0.10:33734, 0.239828, 62, 4800
951, 192.168.0.10:33566, 0.248913, 62, 4800
1203, 192.168.0.10:33740, 0.239706, 62, 4800
1277, 192.168.0.10:33810, 0.236631, 62, 4800
1254, 192.168.0.10:33792, 0.238128, 62, 4800
1429, 192.168.0.10:33956, 0.222139, 62, 4800
930, 192.168.0.10:33552, 0.249693, 62, 4800
1467, 192.168.0.10:33984, 0.216154, 62, 4800
1337, 192.168.0.10:33864, 0.231485, 62, 4800
1487, 192.168.0.10:34006, 0.212051, 62, 4800
1492, 192.168.0.10:34008, 0.207956, 62, 4800
1496, 192.168.0.10:34010, 0.197911, 62, 4800
391, 192.168.0.10:33190, 0.263808, 62, 4800
1481, 192.168.0.10:33998, 0.214756, 62, 4800
1407, 192.168.0.10:33932, 0.222406, 62, 4800
880, 192.168.0.10:33514, 0.251335, 62, 4800
1380, 192.168.0.10:33904, 0.224519, 62, 4800
1412, 192.168.0.10:33938, 0.222400, 62, 4800
1272, 192.168.0.10:33806, 0.237095, 62, 4800
1500, 192.168.0.11:51598, 0.184797, 62, 4800
1498, 192.168.0.10:34014, 0.191295, 62, 4800
1499, 192.168.0.10:34016, 0.187900, 62, 4800
1497, 192.168.0.10:34012, 0.194602, 62, 4800

