37, 192.168.0.12:36044, 0.140268, 62, 4800
18, 192.168.0.12:36006, 0.147598, 62, 4800
21, 192.168.0.12:36012, 0.147500, 62, 4800
167, 192.168.0.12:36304, 0.134526, 62, 4800
30, 192.168.0.12:36030, 0.149743, 62, 4800
17, 192.168.0.12:36004, 0.152197, 62, 4800
155, 192.168.0.12:36280, 0.139282, 62, 4800
12, 192.168.0.12:35994, 0.154675, 62, 4800
11, 192.168.0.12:35992, 0.155347, 62, 4800
7, 192.168.0.12:35984, 0.156041, 62, 4800
81, 192.168.0.12:36132, 0.149712, 62, 4800
41, 192.168.0.12:36052, 0.152855, 62, 4800
127, 192.168.0.12:36224, 0.145938, 62, 4800
344, 192.168.0.12:36658, 0.113364, 62, 4800
9, 192.168.0.12:35988, 0.158511, 62, 4800
29, 192.168.0.12:36028, 0.156601, 62, 4800
5, 192.168.0.12:35980, 0.160461, 62, 4800
161, 192.168.0.12:36292, 0.145028, 62, 4800
1, 192.168.0.12:35972, 0.161510, 62, 4800
105, 192.168.0.12:36180, 0.152782, 62, 4800
95, 192.168.0.12:36160, 0.154049, 62, 4800
36, 192.168.0.12:36042, 0.158590, 62, 4800
165, 192.168.0.12:36300, 0.146116, 62, 4800
266, 192.168.0.12:36502, 0.131902, 62, 4800
26, 192.168.0.12:36022, 0.160514, 62, 4800
16, 192.168.0.12:36002, 0.162285, 62, 4800
4, 192.168.0.12:35978, 0.163305, 62, 4800
35, 192.168.0.12:36040, 0.159877, 62, 4800
44, 192.168.0.12:36058, 0.159212, 62, 4800
6, 192.168.0.12:35982, 0.164326, 62, 4800
23, 192.168.0.12:36016, 0.162862, 62, 4800
50, 192.168.0.12:36070, 0.160614, 62, 4800
114, 192.168.0.12:36198, 0.155466, 62, 4800
118, 192.168.0.12:36206, 0.154873, 62, 4800
55, 192.168.0.12:36080, 0.160608, 62, 4800
202, 192.168.0.12:36374, 0.144884, 62, 4800
169, 192.168.0.12:36308, 0.149381, 62, 4800
523, 192.168.0.12:36918, 0.097867, 62, 4800
19, 192.168.0.12:36008, 0.165304, 62, 4800
43, 192.168.0.12:36056, 0.162487, 62, 4800
56, 192.168.0.12:36082, 0.161963, 62, 4800
68, 192.168.0.12:36106, 0.161189, 62, 4800
72, 192.168.0.12:36114, 0.160979, 62, 4800
124, 192.168.0.12:36218, 0.155720, 62, 4800
67, 192.168.0.12:36104, 0.161579, 62, 4800
10, 192.168.0.12:35990, 0.167211, 62, 4800
24, 192.168.0.12:36018, 0.165625, 62, 4800
104, 192.168.0.12:36178, 0.159137, 62, 4800
54, 192.168.0.12:36078, 0.163069, 62, 4800
73, 192.168.0.12:36116, 0.161866, 62, 4800
168, 192.168.0.12:36306, 0.151613, 62, 4800
356, 192.168.0.12:36682, 0.121879, 62, 4800
65, 192.168.0.12:36100, 0.162914, 62, 4800
40, 192.168.0.12:36050, 0.164817, 62, 4800
59, 192.168.0.12:36088, 0.163575, 62, 4800
144, 192.168.0.12:36258, 0.154804, 62, 4800
181, 192.168.0.12:36332, 0.150706, 62, 4800
31, 192.168.0.12:36032, 0.166385, 62, 4800
158, 192.168.0.12:36286, 0.154210, 62, 4800
304, 192.168.0.12:36578, 0.132641, 62, 4800
348, 192.168.0.12:36666, 0.124983, 62, 4800
14, 192.168.0.12:35998, 0.169525, 62, 4800
319, 192.168.0.12:36608, 0.130412, 62, 4800
80, 192.168.0.12:36130, 0.164266, 62, 4800
90, 192.168.0.12:36150, 0.163565, 62, 4800
71, 192.168.0.12:36112, 0.165033, 62, 4800
291, 192.168.0.12:36552, 0.136057, 62, 4800
51, 192.168.0.12:36072, 0.166719, 62, 4800
27, 192.168.0.12:36024, 0.169445, 62, 4800
75, 192.168.0.12:36120, 0.165984, 62, 4800
368, 192.168.0.12:36706, 0.124044, 62, 4800
225, 192.168.0.12:36420, 0.148473, 62, 4800
238, 192.168.0.12:36446, 0.146521, 62, 4800
120, 192.168.0.12:36210, 0.162715, 62, 4800
234, 192.168.0.12:36438, 0.147967, 62, 4800
46, 192.168.0.12:36062, 0.169473, 62, 4800
353, 192.168.0.12:36676, 0.128128, 62, 4800
76, 192.168.0.12:36122, 0.168108, 62, 4800
354, 192.168.0.12:36678, 0.128578, 62, 4800
77, 192.168.0.12:36124, 0.168675, 62, 4800
136, 192.168.0.12:36242, 0.162051, 62, 4800
179, 192.168.0.12:36328, 0.157270, 62, 4800
315, 192.168.0.12:36600, 0.135959, 62, 4800
453, 192.168.0.12:36862, 0.112661, 62, 4800
195, 192.168.0.12:36360, 0.155838, 62, 4800
223, 192.168.0.12:36416, 0.151917, 62, 4800
340, 192.168.0.12:36650, 0.132241, 62, 4800
13, 192.168.0.12:35996, 0.175660, 62, 4800
64, 192.168.0.12:36098, 0.170793, 62, 4800
189, 192.168.0.12:36348, 0.157255, 62, 4800
199, 192.168.0.12:36368, 0.155990, 62, 4800
205, 192.168.0.12:36380, 0.155011, 62, 4800
343, 192.168.0.12:36656, 0.132384, 62, 4800
351, 192.168.0.12:36672, 0.131041, 62, 4800
60, 192.168.0.12:36090, 0.171536, 62, 4800
63, 192.168.0.12:36096, 0.171393, 62, 4800
88, 192.168.0.12:36146, 0.169696, 62, 4800
153, 192.168.0.12:36276, 0.161908, 62, 4800
170, 192.168.0.12:36310, 0.160094, 62, 4800
175, 192.168.0.12:36320, 0.159568, 62, 4800
190, 192.168.0.12:36350, 0.157591, 62, 4800
219, 192.168.0.12:36408, 0.153580, 62, 4800
274, 192.168.0.12:36518, 0.144979, 62, 4800
20, 192.168.0.12:36010, 0.175796, 62, 4800
131, 192.168.0.12:36232, 0.164950, 62, 4800
177, 192.168.0.12:36324, 0.159652, 62, 4800
193, 192.168.0.12:36356, 0.157599, 62, 4800
48, 192.168.0.12:36066, 0.173209, 62, 4800
53, 192.168.0.12:36076, 0.172865, 62, 4800
137, 192.168.0.12:36244, 0.164533, 62, 4800
206, 192.168.0.12:36382, 0.156192, 62, 4800
300, 192.168.0.12:36570, 0.141163, 62, 4800
309, 192.168.0.12:36588, 0.139604, 62, 4800
25, 192.168.0.12:36020, 0.175842, 62, 4800
62, 192.168.0.12:36094, 0.172727, 62, 4800
313, 192.168.0.12:36596, 0.139249, 62, 4800
61, 192.168.0.12:36092, 0.173092, 62, 4800
240, 192.168.0.12:36450, 0.152079, 62, 4800
257, 192.168.0.12:36484, 0.149317, 62, 4800
346, 192.168.0.12:36662, 0.133846, 62, 4800
33, 192.168.0.12:36036, 0.175548, 62, 4800
93, 192.168.0.12:36156, 0.171367, 62, 4800
103, 192.168.0.12:36176, 0.170507, 62, 4800
107, 192.168.0.12:36184, 0.169939, 62, 4800
119, 192.168.0.12:36208, 0.168419, 62, 4800
213, 192.168.0.12:36396, 0.156473, 62, 4800
331, 192.168.0.12:36632, 0.137022, 62, 4800
375, 192.168.0.12:36720, 0.129730, 62, 4800
8, 192.168.0.12:35986, 0.179091, 62, 4800
22, 192.168.0.12:36014, 0.177670, 62, 4800
39, 192.168.0.12:36048, 0.175537, 62, 4800
111, 192.168.0.12:36192, 0.170007, 62, 4800
178, 192.168.0.12:36326, 0.161715, 62, 4800
221, 192.168.0.12:36412, 0.155850, 62, 4800
441, 192.168.0.12:36850, 0.118269, 62, 4800
135, 192.168.0.12:36240, 0.166923, 62, 4800
337, 192.168.0.12:36644, 0.136634, 62, 4800
3, 192.168.0.12:35976, 0.180077, 62, 4800
160, 192.168.0.12:36290, 0.164461, 62, 4800
246, 192.168.0.12:36462, 0.152841, 62, 4800
265, 192.168.0.12:36500, 0.149603, 62, 4800
284, 192.168.0.12:36538, 0.146553, 62, 4800
301, 192.168.0.12:36572, 0.143384, 62, 4800
58, 192.168.0.12:36086, 0.175229, 62, 4800
96, 192.168.0.12:36162, 0.172581, 62, 4800
97, 192.168.0.12:36164, 0.172481, 62, 4800
122, 192.168.0.12:36214, 0.169395, 62, 4800
130, 192.168.0.12:36230, 0.168214, 62, 4800
360, 192.168.0.12:36690, 0.133415, 62, 4800
376, 192.168.0.12:36722, 0.130801, 62, 4800
533, 192.168.0.12:36926, 0.111345, 62, 4800
110, 192.168.0.12:36190, 0.171312, 62, 4800
159, 192.168.0.12:36288, 0.165060, 62, 4800
162, 192.168.0.12:36294, 0.164778, 62, 4800
264, 192.168.0.12:36498, 0.150245, 62, 4800
528, 192.168.0.12:36922, 0.111886, 62, 4800
174, 192.168.0.12:36318, 0.163667, 62, 4800
327, 192.168.0.12:36624, 0.139568, 62, 4800
406, 192.168.0.12:36782, 0.126101, 62, 4800
151, 192.168.0.12:36272, 0.166364, 62, 4800
203, 192.168.0.12:36376, 0.160036, 62, 4800
278, 192.168.0.12:36526, 0.148767, 62, 4800
295, 192.168.0.12:36560, 0.145644, 62, 4800
133, 192.168.0.12:36236, 0.168945, 62, 4800
227, 192.168.0.12:36424, 0.157061, 62, 4800
244, 192.168.0.12:36458, 0.154572, 62, 4800
352, 192.168.0.12:36674, 0.135913, 62, 4800
366, 192.168.0.12:36702, 0.133652, 62, 4800
277, 192.168.0.12:36524, 0.149328, 62, 4800
445, 192.168.0.12:36854, 0.119952, 62, 4800
466, 192.168.0.12:36874, 0.117652, 62, 4800
117, 192.168.0.12:36204, 0.171639, 62, 4800
296, 192.168.0.12:36562, 0.145998, 62, 4800
156, 192.168.0.12:36282, 0.166788, 62, 4800
299, 192.168.0.12:36568, 0.145594, 62, 4800
377, 192.168.0.12:36724, 0.132204, 62, 4800
94, 192.168.0.12:36158, 0.174585, 62, 4800
497, 192.168.0.12:36898, 0.115682, 62, 4800
84, 192.168.0.12:36138, 0.175713, 62, 4800
121, 192.168.0.12:36212, 0.171782, 62, 4800
128, 192.168.0.12:36226, 0.170657, 62, 4800
242, 192.168.0.12:36454, 0.155908, 62, 4800
74, 192.168.0.12:36118, 0.176612, 62, 4800
252, 192.168.0.12:36474, 0.154386, 62, 4800
511, 192.168.0.12:36908, 0.115053, 62, 4800
149, 192.168.0.12:36268, 0.168499, 62, 4800
243, 192.168.0.12:36456, 0.156165, 62, 4800
489, 192.168.0.12:36892, 0.117109, 62, 4800
508, 192.168.0.12:36906, 0.115611, 62, 4800
49, 192.168.0.12:36068, 0.178690, 62, 4800
78, 192.168.0.12:36126, 0.176773, 62, 4800
79, 192.168.0.12:36128, 0.176720, 62, 4800
87, 192.168.0.12:36144, 0.176152, 62, 4800
132, 192.168.0.12:36234, 0.170729, 62, 4800
482, 192.168.0.12:36886, 0.117675, 62, 4800
286, 192.168.0.12:36542, 0.149388, 62, 4800
292, 192.168.0.12:36554, 0.148205, 62, 4800
306, 192.168.0.12:36582, 0.145643, 62, 4800
364, 192.168.0.12:36698, 0.135794, 62, 4800
470, 192.168.0.12:36876, 0.118944, 62, 4800
531, 192.168.0.12:36924, 0.114408, 62, 4800
623, 192.168.0.12:36942, 0.107167, 62, 4800
303, 192.168.0.12:36576, 0.146501, 62, 4800
397, 192.168.0.12:36764, 0.130509, 62, 4800
247, 192.168.0.12:36464, 0.156351, 62, 4800
525, 192.168.0.12:36920, 0.115133, 62, 4800
305, 192.168.0.12:36580, 0.146450, 62, 4800
320, 192.168.0.12:36610, 0.143922, 62, 4800
494, 192.168.0.12:36896, 0.117753, 62, 4800
618, 192.168.0.12:36940, 0.108106, 62, 4800
184, 192.168.0.12:36338, 0.165842, 62, 4800
91, 192.168.0.12:36152, 0.177191, 62, 4800
218, 192.168.0.12:36406, 0.161367, 62, 4800
254, 192.168.0.12:36478, 0.155875, 62, 4800
275, 192.168.0.12:36520, 0.152499, 62, 4800
92, 192.168.0.12:36154, 0.177390, 62, 4800
157, 192.168.0.12:36284, 0.169487, 62, 4800
180, 192.168.0.12:36330, 0.166819, 62, 4800
245, 192.168.0.12:36460, 0.157741, 62, 4800
297, 192.168.0.12:36564, 0.148776, 62, 4800
302, 192.168.0.12:36574, 0.147900, 62, 4800
191, 192.168.0.12:36352, 0.165669, 62, 4800
102, 192.168.0.12:36174, 0.176972, 62, 4800
113, 192.168.0.12:36196, 0.175658, 62, 4800
307, 192.168.0.12:36584, 0.147432, 62, 4800
370, 192.168.0.12:36710, 0.136774, 62, 4800
28, 192.168.0.12:36026, 0.182942, 62, 4800
145, 192.168.0.12:36260, 0.171456, 62, 4800
538, 192.168.0.12:36930, 0.116154, 62, 4800
112, 192.168.0.12:36194, 0.176221, 62, 4800
204, 192.168.0.12:36378, 0.164524, 62, 4800
311, 192.168.0.12:36592, 0.147129, 62, 4800
357, 192.168.0.12:36684, 0.139193, 62, 4800
99, 192.168.0.12:36168, 0.177797, 62, 4800
163, 192.168.0.12:36296, 0.169951, 62, 4800
164, 192.168.0.12:36298, 0.169866, 62, 4800
316, 192.168.0.12:36602, 0.146411, 62, 4800
342, 192.168.0.12:36654, 0.141840, 62, 4800
106, 192.168.0.12:36182, 0.177180, 62, 4800
129, 192.168.0.12:36228, 0.173983, 62, 4800
289, 192.168.0.12:36548, 0.151428, 62, 4800
321, 192.168.0.12:36612, 0.145636, 62, 4800
373, 192.168.0.12:36716, 0.136869, 62, 4800
390, 192.168.0.12:36750, 0.134079, 62, 4800
434, 192.168.0.12:36838, 0.125713, 62, 4800
57, 192.168.0.12:36084, 0.181153, 62, 4800
126, 192.168.0.12:36222, 0.174611, 62, 4800
147, 192.168.0.12:36264, 0.171920, 62, 4800
38, 192.168.0.12:36046, 0.182569, 62, 4800
108, 192.168.0.12:36186, 0.177387, 62, 4800
116, 192.168.0.12:36202, 0.176409, 62, 4800
2, 192.168.0.12:35974, 0.186837, 62, 4800
188, 192.168.0.12:36346, 0.167794, 62, 4800
232, 192.168.0.12:36434, 0.161636, 62, 4800
500, 192.168.0.12:36900, 0.119984, 62, 4800
115, 192.168.0.12:36200, 0.177063, 62, 4800
150, 192.168.0.12:36270, 0.172353, 62, 4800
228, 192.168.0.12:36426, 0.162366, 62, 4800
263, 192.168.0.12:36496, 0.156861, 62, 4800
388, 192.168.0.12:36746, 0.135375, 62, 4800
650, 192.168.0.12:36962, 0.092487, 62, 4800
42, 192.168.0.12:36054, 0.183101, 62, 4800
70, 192.168.0.12:36110, 0.181290, 62, 4800
323, 192.168.0.12:36616, 0.146480, 62, 4800
653, 192.168.0.12:36968, 0.089317, 62, 4800
235, 192.168.0.12:36440, 0.161753, 62, 4800
268, 192.168.0.12:36506, 0.156354, 62, 4800
391, 192.168.0.12:36752, 0.135231, 62, 4800
69, 192.168.0.12:36108, 0.181680, 62, 4800
325, 192.168.0.12:36620, 0.146502, 62, 4800
350, 192.168.0.12:36670, 0.142250, 62, 4800
197, 192.168.0.12:36364, 0.167474, 62, 4800
47, 192.168.0.12:36064, 0.183447, 62, 4800
140, 192.168.0.12:36250, 0.174269, 62, 4800
347, 192.168.0.12:36664, 0.142966, 62, 4800
450, 192.168.0.12:36858, 0.125449, 62, 4800
520, 192.168.0.12:36916, 0.119510, 62, 4800
535, 192.168.0.12:36928, 0.118600, 62, 4800
369, 192.168.0.12:36708, 0.139516, 62, 4800
371, 192.168.0.12:36712, 0.139198, 62, 4800
400, 192.168.0.12:36770, 0.134312, 62, 4800
428, 192.168.0.12:36826, 0.129070, 62, 4800
208, 192.168.0.12:36386, 0.166347, 62, 4800
209, 192.168.0.12:36388, 0.166162, 62, 4800
255, 192.168.0.12:36480, 0.159283, 62, 4800
259, 192.168.0.12:36488, 0.158661, 62, 4800
332, 192.168.0.12:36634, 0.145839, 62, 4800
335, 192.168.0.12:36640, 0.145334, 62, 4800
518, 192.168.0.12:36914, 0.120004, 62, 4800
649, 192.168.0.12:36960, 0.094053, 62, 4800
134, 192.168.0.12:36238, 0.175584, 62, 4800
288, 192.168.0.12:36546, 0.154017, 62, 4800
293, 192.168.0.12:36556, 0.153049, 62, 4800
298, 192.168.0.12:36566, 0.152118, 62, 4800
363, 192.168.0.12:36696, 0.140937, 62, 4800
446, 192.168.0.12:36856, 0.126482, 62, 4800
210, 192.168.0.12:36390, 0.166372, 62, 4800
283, 192.168.0.12:36536, 0.155190, 62, 4800
464, 192.168.0.12:36872, 0.124686, 62, 4800
125, 192.168.0.12:36220, 0.177313, 62, 4800
141, 192.168.0.12:36252, 0.175108, 62, 4800
236, 192.168.0.12:36442, 0.162936, 62, 4800
427, 192.168.0.12:36824, 0.130137, 62, 4800
442, 192.168.0.12:36852, 0.127289, 62, 4800
457, 192.168.0.12:36866, 0.125580, 62, 4800
15, 192.168.0.12:36000, 0.188165, 62, 4800
82, 192.168.0.12:36134, 0.182259, 62, 4800
166, 192.168.0.12:36302, 0.172648, 62, 4800
272, 192.168.0.12:36514, 0.157309, 62, 4800
378, 192.168.0.12:36726, 0.138932, 62, 4800
405, 192.168.0.12:36780, 0.134294, 62, 4800
409, 192.168.0.12:36788, 0.133520, 62, 4800
98, 192.168.0.12:36166, 0.181116, 62, 4800
200, 192.168.0.12:36370, 0.168507, 62, 4800
312, 192.168.0.12:36594, 0.150362, 62, 4800
383, 192.168.0.12:36736, 0.138320, 62, 4800
398, 192.168.0.12:36766, 0.135733, 62, 4800
479, 192.168.0.12:36884, 0.123832, 62, 4800
269, 192.168.0.12:36508, 0.158037, 62, 4800
333, 192.168.0.12:36636, 0.146931, 62, 4800
384, 192.168.0.12:36738, 0.138478, 62, 4800
487, 192.168.0.12:36890, 0.123609, 62, 4800
176, 192.168.0.12:36322, 0.172075, 62, 4800
211, 192.168.0.12:36392, 0.167260, 62, 4800
382, 192.168.0.12:36734, 0.139001, 62, 4800
611, 192.168.0.12:36936, 0.114081, 62, 4800
83, 192.168.0.12:36136, 0.183036, 62, 4800
143, 192.168.0.12:36256, 0.175888, 62, 4800
148, 192.168.0.12:36266, 0.175384, 62, 4800
250, 192.168.0.12:36470, 0.161746, 62, 4800
648, 192.168.0.12:36958, 0.096045, 62, 4800
66, 192.168.0.12:36102, 0.184333, 62, 4800
241, 192.168.0.12:36452, 0.163407, 62, 4800
248, 192.168.0.12:36466, 0.162386, 62, 4800
253, 192.168.0.12:36476, 0.161422, 62, 4800
256, 192.168.0.12:36482, 0.160927, 62, 4800
273, 192.168.0.12:36516, 0.158211, 62, 4800
287, 192.168.0.12:36544, 0.155814, 62, 4800
290, 192.168.0.12:36550, 0.155238, 62, 4800
472, 192.168.0.12:36878, 0.125394, 62, 4800
173, 192.168.0.12:36316, 0.173058, 62, 4800
185, 192.168.0.12:36340, 0.171552, 62, 4800
270, 192.168.0.12:36510, 0.158880, 62, 4800
34, 192.168.0.12:36038, 0.186951, 62, 4800
52, 192.168.0.12:36074, 0.185643, 62, 4800
262, 192.168.0.12:36494, 0.160366, 62, 4800
308, 192.168.0.12:36586, 0.152327, 62, 4800
359, 192.168.0.12:36688, 0.143496, 62, 4800
365, 192.168.0.12:36700, 0.142617, 62, 4800
644, 192.168.0.12:36950, 0.105808, 62, 4800
89, 192.168.0.12:36148, 0.183363, 62, 4800
154, 192.168.0.12:36278, 0.175481, 62, 4800
187, 192.168.0.12:36344, 0.171672, 62, 4800
432, 192.168.0.12:36834, 0.130566, 62, 4800
651, 192.168.0.12:36964, 0.095118, 62, 4800
261, 192.168.0.12:36492, 0.160886, 62, 4800
310, 192.168.0.12:36590, 0.152263, 62, 4800
314, 192.168.0.12:36598, 0.151582, 62, 4800
345, 192.168.0.12:36660, 0.146195, 62, 4800
362, 192.168.0.12:36694, 0.143409, 62, 4800
372, 192.168.0.12:36714, 0.141743, 62, 4800
198, 192.168.0.12:36366, 0.170539, 62, 4800
374, 192.168.0.12:36718, 0.141524, 62, 4800
237, 192.168.0.12:36444, 0.165009, 62, 4800
341, 192.168.0.12:36652, 0.147099, 62, 4800
349, 192.168.0.12:36668, 0.145858, 62, 4800
429, 192.168.0.12:36828, 0.131827, 62, 4800
85, 192.168.0.12:36140, 0.184254, 62, 4800
411, 192.168.0.12:36792, 0.135407, 62, 4800
412, 192.168.0.12:36794, 0.135239, 62, 4800
419, 192.168.0.12:36808, 0.133968, 62, 4800
196, 192.168.0.12:36362, 0.171243, 62, 4800
233, 192.168.0.12:36436, 0.165999, 62, 4800
317, 192.168.0.12:36604, 0.151749, 62, 4800
338, 192.168.0.12:36646, 0.147941, 62, 4800
355, 192.168.0.12:36680, 0.145156, 62, 4800
367, 192.168.0.12:36704, 0.143275, 62, 4800
387, 192.168.0.12:36744, 0.139959, 62, 4800
139, 192.168.0.12:36248, 0.178085, 62, 4800
215, 192.168.0.12:36400, 0.168708, 62, 4800
224, 192.168.0.12:36418, 0.167497, 62, 4800
258, 192.168.0.12:36486, 0.162153, 62, 4800
271, 192.168.0.12:36512, 0.160100, 62, 4800
276, 192.168.0.12:36522, 0.159291, 62, 4800
329, 192.168.0.12:36628, 0.149789, 62, 4800
477, 192.168.0.12:36882, 0.126476, 62, 4800
280, 192.168.0.12:36530, 0.158765, 62, 4800
294, 192.168.0.12:36558, 0.156132, 62, 4800
328, 192.168.0.12:36626, 0.150140, 62, 4800
541, 192.168.0.12:36934, 0.122071, 62, 4800
86, 192.168.0.12:36142, 0.184870, 62, 4800
142, 192.168.0.12:36254, 0.178082, 62, 4800
220, 192.168.0.12:36410, 0.168362, 62, 4800
462, 192.168.0.12:36870, 0.128187, 62, 4800
485, 192.168.0.12:36888, 0.126194, 62, 4800
652, 192.168.0.12:36966, 0.095545, 62, 4800
192, 192.168.0.12:36354, 0.172455, 62, 4800
201, 192.168.0.12:36372, 0.171201, 62, 4800
281, 192.168.0.12:36532, 0.158967, 62, 4800
282, 192.168.0.12:36534, 0.158789, 62, 4800
324, 192.168.0.12:36618, 0.151221, 62, 4800
491, 192.168.0.12:36894, 0.125948, 62, 4800
506, 192.168.0.12:36904, 0.124748, 62, 4800
32, 192.168.0.12:36034, 0.189102, 62, 4800
171, 192.168.0.12:36312, 0.175275, 62, 4800
222, 192.168.0.12:36414, 0.168432, 62, 4800
260, 192.168.0.12:36490, 0.162535, 62, 4800
433, 192.168.0.12:36836, 0.132052, 62, 4800
456, 192.168.0.12:36864, 0.129199, 62, 4800
654, 192.168.0.12:36970, 0.091715, 62, 4800
152, 192.168.0.12:36274, 0.177474, 62, 4800
217, 192.168.0.12:36404, 0.169260, 62, 4800
379, 192.168.0.12:36728, 0.142173, 62, 4800
408, 192.168.0.12:36786, 0.137089, 62, 4800
627, 192.168.0.12:36944, 0.115730, 62, 4800
394, 192.168.0.12:36758, 0.139772, 62, 4800
403, 192.168.0.12:36776, 0.138186, 62, 4800
503, 192.168.0.12:36902, 0.125471, 62, 4800
393, 192.168.0.12:36756, 0.140102, 62, 4800
420, 192.168.0.12:36810, 0.135259, 62, 4800
438, 192.168.0.12:36846, 0.131614, 62, 4800
322, 192.168.0.12:36614, 0.152166, 62, 4800
421, 192.168.0.12:36812, 0.135099, 62, 4800
437, 192.168.0.12:36844, 0.131871, 62, 4800
207, 192.168.0.12:36384, 0.171083, 62, 4800
230, 192.168.0.12:36430, 0.167871, 62, 4800
285, 192.168.0.12:36540, 0.159016, 62, 4800
385, 192.168.0.12:36740, 0.141719, 62, 4800
459, 192.168.0.12:36868, 0.129404, 62, 4800
475, 192.168.0.12:36880, 0.127892, 62, 4800
615, 192.168.0.12:36938, 0.116949, 62, 4800
194, 192.168.0.12:36358, 0.173108, 62, 4800
214, 192.168.0.12:36398, 0.170243, 62, 4800
216, 192.168.0.12:36402, 0.169984, 62, 4800
422, 192.168.0.12:36814, 0.135155, 62, 4800
425, 192.168.0.12:36820, 0.134695, 62, 4800
435, 192.168.0.12:36840, 0.132547, 62, 4800
647, 192.168.0.12:36956, 0.105941, 62, 4800
318, 192.168.0.12:36606, 0.153286, 62, 4800
386, 192.168.0.12:36742, 0.141862, 62, 4800
417, 192.168.0.12:36804, 0.136284, 62, 4800
515, 192.168.0.12:36912, 0.125067, 62, 4800
334, 192.168.0.12:36638, 0.150429, 62, 4800
339, 192.168.0.12:36648, 0.149597, 62, 4800
396, 192.168.0.12:36762, 0.140206, 62, 4800
402, 192.168.0.12:36774, 0.139089, 62, 4800
410, 192.168.0.12:36790, 0.137586, 62, 4800
182, 192.168.0.12:36334, 0.175004, 62, 4800
231, 192.168.0.12:36432, 0.168227, 62, 4800
439, 192.168.0.12:36848, 0.132115, 62, 4800
646, 192.168.0.12:36954, 0.107005, 62, 4800
229, 192.168.0.12:36428, 0.168600, 62, 4800
431, 192.168.0.12:36832, 0.133560, 62, 4800
513, 192.168.0.12:36910, 0.125431, 62, 4800
451, 192.168.0.12:36860, 0.130842, 62, 4800
539, 192.168.0.12:36932, 0.123933, 62, 4800
100, 192.168.0.12:36170, 0.185322, 62, 4800
186, 192.168.0.12:36342, 0.174843, 62, 4800
330, 192.168.0.12:36630, 0.151681, 62, 4800
389, 192.168.0.12:36748, 0.141769, 62, 4800
101, 192.168.0.12:36172, 0.185392, 62, 4800
404, 192.168.0.12:36778, 0.139133, 62, 4800
146, 192.168.0.12:36262, 0.179510, 62, 4800
395, 192.168.0.12:36760, 0.140910, 62, 4800
426, 192.168.0.12:36822, 0.135257, 62, 4800
326, 192.168.0.12:36622, 0.152694, 62, 4800
436, 192.168.0.12:36842, 0.133282, 62, 4800
643, 192.168.0.12:36948, 0.110239, 62, 4800
249, 192.168.0.12:36468, 0.166241, 62, 4800
336, 192.168.0.12:36642, 0.151065, 62, 4800
430, 192.168.0.12:36830, 0.134615, 62, 4800
380, 192.168.0.12:36730, 0.144028, 62, 4800
423, 192.168.0.12:36816, 0.136403, 62, 4800
138, 192.168.0.12:36246, 0.181243, 62, 4800
361, 192.168.0.12:36692, 0.147354, 62, 4800
267, 192.168.0.12:36504, 0.163755, 62, 4800
418, 192.168.0.12:36806, 0.137580, 62, 4800
172, 192.168.0.12:36314, 0.177784, 62, 4800
392, 192.168.0.12:36754, 0.142364, 62, 4800
413, 192.168.0.12:36796, 0.138636, 62, 4800
401, 192.168.0.12:36772, 0.141018, 62, 4800
415, 192.168.0.12:36800, 0.138498, 62, 4800
424, 192.168.0.12:36818, 0.136783, 62, 4800
381, 192.168.0.12:36732, 0.144501, 62, 4800
642, 192.168.0.12:36946, 0.111811, 62, 4800
279, 192.168.0.12:36528, 0.162331, 62, 4800
239, 192.168.0.12:36448, 0.168870, 62, 4800
407, 192.168.0.12:36784, 0.140030, 62, 4800
109, 192.168.0.12:36188, 0.186068, 62, 4800
212, 192.168.0.12:36394, 0.172843, 62, 4800
251, 192.168.0.12:36472, 0.167049, 62, 4800
645, 192.168.0.12:36952, 0.109472, 62, 4800
226, 192.168.0.12:36422, 0.171151, 62, 4800
414, 192.168.0.12:36798, 0.139202, 62, 4800
416, 192.168.0.12:36802, 0.139137, 62, 4800
45, 192.168.0.12:36060, 0.191646, 62, 4800
123, 192.168.0.12:36216, 0.184774, 62, 4800
183, 192.168.0.12:36336, 0.177579, 62, 4800
399, 192.168.0.12:36768, 0.142513, 62, 4800
358, 192.168.0.12:36686, 0.150017, 62, 4800
449, 192.168.0.11:58702, 0.297001, 62, 4800
855, 192.168.0.11:59048, 0.128616, 62, 4800
753, 192.168.0.11:58944, 0.153131, 62, 4800
780, 192.168.0.11:58972, 0.149212, 62, 4800
484, 192.168.0.11:58724, 0.307434, 62, 4800
452, 192.168.0.11:58704, 0.311048, 62, 4800
1101, 192.168.0.11:59476, 0.083633, 62, 4800
596, 192.168.0.11:58806, 0.301090, 62, 4800
455, 192.168.0.11:58706, 0.312645, 62, 4800
1060, 192.168.0.11:59394, 0.097691, 62, 4800
1161, 192.168.0.11:59596, 0.076372, 62, 4800
1076, 192.168.0.11:59426, 0.095700, 62, 4800
447, 192.168.0.11:58700, 0.316474, 62, 4800
702, 192.168.0.11:58888, 0.173139, 62, 4800
1134, 192.168.0.11:59542, 0.083614, 62, 4800
890, 192.168.0.11:59090, 0.137661, 62, 4800
440, 192.168.0.11:58696, 0.319684, 62, 4800
973, 192.168.0.11:59220, 0.118584, 62, 4800
704, 192.168.0.11:58890, 0.175356, 62, 4800
666, 192.168.0.11:58864, 0.182702, 62, 4800
1117, 192.168.0.11:59508, 0.088966, 62, 4800
481, 192.168.0.11:58722, 0.317783, 62, 4800
659, 192.168.0.11:58856, 0.185283, 62, 4800
1026, 192.168.0.11:59326, 0.110249, 62, 4800
488, 192.168.0.11:58726, 0.317635, 62, 4800
788, 192.168.0.11:58980, 0.161691, 62, 4800
1035, 192.168.0.11:59344, 0.108949, 62, 4800
897, 192.168.0.11:59100, 0.139002, 62, 4800
498, 192.168.0.11:58732, 0.317478, 62, 4800
1112, 192.168.0.11:59498, 0.091594, 62, 4800
953, 192.168.0.11:59180, 0.126722, 62, 4800
656, 192.168.0.11:58852, 0.188185, 62, 4800
1125, 192.168.0.11:59524, 0.090522, 62, 4800
724, 192.168.0.11:58914, 0.175291, 62, 4800
1085, 192.168.0.11:59444, 0.101649, 62, 4800
655, 192.168.0.11:58850, 0.189353, 62, 4800
763, 192.168.0.11:58954, 0.169734, 62, 4800
797, 192.168.0.11:58988, 0.162994, 62, 4800
734, 192.168.0.11:58924, 0.174400, 62, 4800
463, 192.168.0.11:58712, 0.322955, 62, 4800
1107, 192.168.0.11:59488, 0.095368, 62, 4800
1053, 192.168.0.11:59380, 0.109440, 62, 4800
469, 192.168.0.11:58716, 0.323799, 62, 4800
1201, 192.168.0.11:59676, 0.075439, 62, 4800
700, 192.168.0.11:58886, 0.182555, 62, 4800
458, 192.168.0.11:58708, 0.325770, 62, 4800
1069, 192.168.0.11:59412, 0.108302, 62, 4800
840, 192.168.0.11:59032, 0.156720, 62, 4800
844, 192.168.0.11:59038, 0.155888, 62, 4800
896, 192.168.0.11:59098, 0.144912, 62, 4800
1004, 192.168.0.11:59282, 0.120957, 62, 4800
910, 192.168.0.11:59116, 0.142684, 62, 4800
969, 192.168.0.11:59212, 0.128072, 62, 4800
492, 192.168.0.11:58728, 0.324071, 62, 4800
572, 192.168.0.11:58782, 0.317856, 62, 4800
662, 192.168.0.11:58860, 0.191973, 62, 4800
685, 192.168.0.11:58870, 0.186488, 62, 4800
495, 192.168.0.11:58730, 0.324192, 62, 4800
634, 192.168.0.11:58842, 0.311997, 62, 4800
751, 192.168.0.11:58942, 0.176537, 62, 4800
872, 192.168.0.11:59066, 0.151689, 62, 4800
1055, 192.168.0.11:59384, 0.112872, 62, 4800
1131, 192.168.0.11:59536, 0.095446, 62, 4800
664, 192.168.0.11:58862, 0.192921, 62, 4800
1059, 192.168.0.11:59392, 0.112646, 62, 4800
1066, 192.168.0.11:59406, 0.111334, 62, 4800
509, 192.168.0.11:58738, 0.324443, 62, 4800
547, 192.168.0.11:58758, 0.321785, 62, 4800
713, 192.168.0.11:58900, 0.184352, 62, 4800
904, 192.168.0.11:59108, 0.146031, 62, 4800
993, 192.168.0.11:59260, 0.125755, 62, 4800
1067, 192.168.0.11:59408, 0.111734, 62, 4800
1194, 192.168.0.11:59662, 0.082588, 62, 4800
822, 192.168.0.11:59014, 0.163790, 62, 4800
562, 192.168.0.11:58772, 0.321759, 62, 4800
718, 192.168.0.11:58906, 0.184195, 62, 4800
818, 192.168.0.11:59010, 0.165154, 62, 4800
745, 192.168.0.11:58936, 0.179967, 62, 4800
925, 192.168.0.11:59132, 0.142165, 62, 4800
1038, 192.168.0.11:59350, 0.118494, 62, 4800
568, 192.168.0.11:58778, 0.321893, 62, 4800
1165, 192.168.0.11:59604, 0.092474, 62, 4800
952, 192.168.0.11:59178, 0.136553, 62, 4800
1048, 192.168.0.11:59370, 0.116973, 62, 4800
1084, 192.168.0.11:59442, 0.110082, 62, 4800
1162, 192.168.0.11:59598, 0.093306, 62, 4800
1203, 192.168.0.11:59680, 0.081167, 62, 4800
1025, 192.168.0.11:59324, 0.121624, 62, 4800
581, 192.168.0.11:58790, 0.321516, 62, 4800
661, 192.168.0.11:58858, 0.196595, 62, 4800
695, 192.168.0.11:58880, 0.189612, 62, 4800
1007, 192.168.0.11:59288, 0.125529, 62, 4800
668, 192.168.0.11:58866, 0.195627, 62, 4800
820, 192.168.0.11:59012, 0.166511, 62, 4800
1000, 192.168.0.11:59274, 0.127161, 62, 4800
698, 192.168.0.11:58884, 0.189773, 62, 4800
863, 192.168.0.11:59056, 0.158449, 62, 4800
976, 192.168.0.11:59226, 0.132070, 62, 4800
1030, 192.168.0.11:59334, 0.121534, 62, 4800
687, 192.168.0.11:58872, 0.191463, 62, 4800
806, 192.168.0.11:58996, 0.170826, 62, 4800
607, 192.168.0.11:58816, 0.320559, 62, 4800
621, 192.168.0.11:58828, 0.319599, 62, 4800
1142, 192.168.0.11:59558, 0.098068, 62, 4800
1118, 192.168.0.11:59510, 0.102175, 62, 4800
505, 192.168.0.11:58736, 0.328802, 62, 4800
521, 192.168.0.11:58744, 0.327679, 62, 4800
747, 192.168.0.11:58938, 0.182010, 62, 4800
1075, 192.168.0.11:59424, 0.113936, 62, 4800
949, 192.168.0.11:59172, 0.139380, 62, 4800
1034, 192.168.0.11:59342, 0.121747, 62, 4800
527, 192.168.0.11:58748, 0.327729, 62, 4800
785, 192.168.0.11:58976, 0.175114, 62, 4800
1017, 192.168.0.11:59308, 0.125040, 62, 4800
827, 192.168.0.11:59018, 0.167066, 62, 4800
553, 192.168.0.11:58764, 0.326191, 62, 4800
1054, 192.168.0.11:59382, 0.118797, 62, 4800
1136, 192.168.0.11:59546, 0.100276, 62, 4800
574, 192.168.0.11:58784, 0.324520, 62, 4800
710, 192.168.0.11:58896, 0.189892, 62, 4800
772, 192.168.0.11:58964, 0.177964, 62, 4800
777, 192.168.0.11:58968, 0.177253, 62, 4800
1121, 192.168.0.11:59516, 0.102954, 62, 4800
512, 192.168.0.11:58740, 0.329534, 62, 4800
905, 192.168.0.11:59110, 0.151051, 62, 4800
693, 192.168.0.11:58878, 0.192650, 62, 4800
738, 192.168.0.11:58928, 0.184894, 62, 4800
851, 192.168.0.11:59044, 0.162795, 62, 4800
706, 192.168.0.11:58892, 0.191344, 62, 4800
719, 192.168.0.11:58908, 0.188897, 62, 4800
736, 192.168.0.11:58926, 0.185662, 62, 4800
1087, 192.168.0.11:59448, 0.113256, 62, 4800
1104, 192.168.0.11:59482, 0.107079, 62, 4800
570, 192.168.0.11:58780, 0.326156, 62, 4800
689, 192.168.0.11:58874, 0.194118, 62, 4800
593, 192.168.0.11:58802, 0.324718, 62, 4800
1138, 192.168.0.11:59550, 0.101635, 62, 4800
1023, 192.168.0.11:59320, 0.126350, 62, 4800
524, 192.168.0.11:58746, 0.330518, 62, 4800
955, 192.168.0.11:59184, 0.140683, 62, 4800
1022, 192.168.0.11:59318, 0.126873, 62, 4800
1036, 192.168.0.11:59346, 0.124226, 62, 4800
1097, 192.168.0.11:59468, 0.110312, 62, 4800
473, 192.168.0.11:58718, 0.334645, 62, 4800
1092, 192.168.0.11:59458, 0.112381, 62, 4800
532, 192.168.0.11:58750, 0.330564, 62, 4800
566, 192.168.0.11:58776, 0.327716, 62, 4800
907, 192.168.0.11:59112, 0.152951, 62, 4800
1057, 192.168.0.11:59388, 0.121007, 62, 4800
657, 192.168.0.11:58854, 0.202597, 62, 4800
501, 192.168.0.11:58734, 0.333312, 62, 4800
834, 192.168.0.11:59026, 0.169435, 62, 4800
712, 192.168.0.11:58898, 0.192841, 62, 4800
1061, 192.168.0.11:59396, 0.120875, 62, 4800
720, 192.168.0.11:58910, 0.190941, 62, 4800
725, 192.168.0.11:58916, 0.190023, 62, 4800
795, 192.168.0.11:58986, 0.177668, 62, 4800
942, 192.168.0.11:59158, 0.145373, 62, 4800
975, 192.168.0.11:59224, 0.137497, 62, 4800
980, 192.168.0.11:59234, 0.136627, 62, 4800
460, 192.168.0.11:58710, 0.337326, 62, 4800
1046, 192.168.0.11:59366, 0.124031, 62, 4800
1130, 192.168.0.11:59534, 0.105161, 62, 4800
948, 192.168.0.11:59170, 0.144660, 62, 4800
1001, 192.168.0.11:59276, 0.132956, 62, 4800
1005, 192.168.0.11:59284, 0.132150, 62, 4800
1135, 192.168.0.11:59544, 0.104538, 62, 4800
731, 192.168.0.11:58922, 0.189467, 62, 4800
1156, 192.168.0.11:59586, 0.101218, 62, 4800
977, 192.168.0.11:59228, 0.137964, 62, 4800
633, 192.168.0.11:58840, 0.322895, 62, 4800
998, 192.168.0.11:59270, 0.134192, 62, 4800
631, 192.168.0.11:58838, 0.323758, 62, 4800
1208, 192.168.0.11:59690, 0.086955, 62, 4800
717, 192.168.0.11:58904, 0.193760, 62, 4800
749, 192.168.0.11:58940, 0.187618, 62, 4800
793, 192.168.0.11:58984, 0.179344, 62, 4800
882, 192.168.0.11:59080, 0.160726, 62, 4800
1056, 192.168.0.11:59386, 0.123424, 62, 4800
945, 192.168.0.11:59164, 0.146432, 62, 4800
616, 192.168.0.11:58824, 0.326522, 62, 4800
1206, 192.168.0.11:59686, 0.087850, 62, 4800
715, 192.168.0.11:58902, 0.194402, 62, 4800
879, 192.168.0.11:59076, 0.161633, 62, 4800
909, 192.168.0.11:59114, 0.155275, 62, 4800
964, 192.168.0.11:59202, 0.141495, 62, 4800
989, 192.168.0.11:59252, 0.136654, 62, 4800
1072, 192.168.0.11:59418, 0.120959, 62, 4800
1027, 192.168.0.11:59328, 0.129289, 62, 4800
1091, 192.168.0.11:59456, 0.115758, 62, 4800
1094, 192.168.0.11:59462, 0.115011, 62, 4800
1110, 192.168.0.11:59494, 0.110308, 62, 4800
1127, 192.168.0.11:59528, 0.107266, 62, 4800
549, 192.168.0.11:58760, 0.332334, 62, 4800
815, 192.168.0.11:59006, 0.174904, 62, 4800
612, 192.168.0.11:58820, 0.327344, 62, 4800
958, 192.168.0.11:59190, 0.143960, 62, 4800
1074, 192.168.0.11:59422, 0.121043, 62, 4800
1114, 192.168.0.11:59502, 0.109925, 62, 4800
1132, 192.168.0.11:59538, 0.107013, 62, 4800
1172, 192.168.0.11:59618, 0.100653, 62, 4800
1098, 192.168.0.11:59470, 0.114072, 62, 4800
707, 192.168.0.11:58894, 0.196633, 62, 4800
884, 192.168.0.11:59082, 0.161734, 62, 4800
891, 192.168.0.11:59092, 0.160778, 62, 4800
1040, 192.168.0.11:59354, 0.127761, 62, 4800
467, 192.168.0.11:58714, 0.339484, 62, 4800
1190, 192.168.0.11:59654, 0.096237, 62, 4800
841, 192.168.0.11:59034, 0.170650, 62, 4800
1013, 192.168.0.11:59300, 0.133284, 62, 4800
755, 192.168.0.11:58946, 0.188912, 62, 4800
761, 192.168.0.11:58952, 0.187911, 62, 4800
836, 192.168.0.11:59028, 0.173015, 62, 4800
987, 192.168.0.11:59248, 0.138763, 62, 4800
1064, 192.168.0.11:59402, 0.124124, 62, 4800
927, 192.168.0.11:59134, 0.152531, 62, 4800
1049, 192.168.0.11:59372, 0.127110, 62, 4800
1188, 192.168.0.11:59650, 0.099529, 62, 4800
999, 192.168.0.11:59272, 0.136891, 62, 4800
1111, 192.168.0.11:59496, 0.112302, 62, 4800
1191, 192.168.0.11:59656, 0.097242, 62, 4800
774, 192.168.0.11:58966, 0.185525, 62, 4800
991, 192.168.0.11:59256, 0.138867, 62, 4800
1096, 192.168.0.11:59466, 0.117031, 62, 4800
1115, 192.168.0.11:59504, 0.111748, 62, 4800
591, 192.168.0.11:58800, 0.331204, 62, 4800
832, 192.168.0.11:59024, 0.174699, 62, 4800
986, 192.168.0.11:59246, 0.140017, 62, 4800
1003, 192.168.0.11:59280, 0.136634, 62, 4800
558, 192.168.0.11:58768, 0.334222, 62, 4800
838, 192.168.0.11:59030, 0.174015, 62, 4800
1018, 192.168.0.11:59310, 0.133908, 62, 4800
939, 192.168.0.11:59152, 0.151421, 62, 4800
950, 192.168.0.11:59174, 0.148670, 62, 4800
971, 192.168.0.11:59216, 0.143439, 62, 4800
997, 192.168.0.11:59268, 0.138472, 62, 4800
893, 192.168.0.11:59094, 0.162997, 62, 4800
594, 192.168.0.11:58804, 0.332066, 62, 4800
613, 192.168.0.11:58822, 0.330530, 62, 4800
1153, 192.168.0.11:59580, 0.106534, 62, 4800
722, 192.168.0.11:58912, 0.196301, 62, 4800
730, 192.168.0.11:58920, 0.194823, 62, 4800
759, 192.168.0.11:58950, 0.190421, 62, 4800
972, 192.168.0.11:59218, 0.143704, 62, 4800
1029, 192.168.0.11:59332, 0.132565, 62, 4800
1154, 192.168.0.11:59582, 0.106532, 62, 4800
786, 192.168.0.11:58978, 0.184964, 62, 4800
825, 192.168.0.11:59016, 0.177231, 62, 4800
555, 192.168.0.11:58766, 0.335813, 62, 4800
779, 192.168.0.11:58970, 0.186584, 62, 4800
867, 192.168.0.11:59060, 0.169257, 62, 4800
1062, 192.168.0.11:59398, 0.127170, 62, 4800
1123, 192.168.0.11:59520, 0.112335, 62, 4800
1157, 192.168.0.11:59588, 0.106746, 62, 4800
1163, 192.168.0.11:59600, 0.105899, 62, 4800
1169, 192.168.0.11:59612, 0.105065, 62, 4800
1181, 192.168.0.11:59636, 0.103341, 62, 4800
873, 192.168.0.11:59068, 0.167520, 62, 4800
912, 192.168.0.11:59118, 0.159479, 62, 4800
957, 192.168.0.11:59188, 0.148408, 62, 4800
966, 192.168.0.11:59206, 0.145902, 62, 4800
1119, 192.168.0.11:59512, 0.113351, 62, 4800
1133, 192.168.0.11:59540, 0.111170, 62, 4800
1146, 192.168.0.11:59566, 0.109005, 62, 4800
757, 192.168.0.11:58948, 0.191999, 62, 4800
829, 192.168.0.11:59020, 0.177563, 62, 4800
865, 192.168.0.11:59058, 0.170365, 62, 4800
1088, 192.168.0.11:59450, 0.122486, 62, 4800
1095, 192.168.0.11:59464, 0.119894, 62, 4800
783, 192.168.0.11:58974, 0.186749, 62, 4800
852, 192.168.0.11:59046, 0.172883, 62, 4800
888, 192.168.0.11:59088, 0.165702, 62, 4800
968, 192.168.0.11:59210, 0.146191, 62, 4800
979, 192.168.0.11:59232, 0.144056, 62, 4800
981, 192.168.0.11:59236, 0.143766, 62, 4800
1086, 192.168.0.11:59446, 0.123271, 62, 4800
1089, 192.168.0.11:59452, 0.122581, 62, 4800
1093, 192.168.0.11:59460, 0.120686, 62, 4800
1140, 192.168.0.11:59554, 0.110681, 62, 4800
808, 192.168.0.11:58998, 0.182123, 62, 4800
876, 192.168.0.11:59072, 0.167848, 62, 4800
1050, 192.168.0.11:59374, 0.130672, 62, 4800
1152, 192.168.0.11:59578, 0.108893, 62, 4800
741, 192.168.0.11:58932, 0.195309, 62, 4800
895, 192.168.0.11:59096, 0.165127, 62, 4800
962, 192.168.0.11:59198, 0.147994, 62, 4800
992, 192.168.0.11:59258, 0.142169, 62, 4800
1032, 192.168.0.11:59338, 0.134363, 62, 4800
1047, 192.168.0.11:59368, 0.131662, 62, 4800
1058, 192.168.0.11:59390, 0.129637, 62, 4800
1108, 192.168.0.11:59490, 0.116656, 62, 4800
1126, 192.168.0.11:59526, 0.113588, 62, 4800
579, 192.168.0.11:58788, 0.335787, 62, 4800
1167, 192.168.0.11:59608, 0.107043, 62, 4800
691, 192.168.0.11:58876, 0.204076, 62, 4800
743, 192.168.0.11:58934, 0.195373, 62, 4800
887, 192.168.0.11:59086, 0.166786, 62, 4800
963, 192.168.0.11:59200, 0.148165, 62, 4800
970, 192.168.0.11:59214, 0.146711, 62, 4800
1037, 192.168.0.11:59348, 0.133816, 62, 4800
1045, 192.168.0.11:59364, 0.132289, 62, 4800
1052, 192.168.0.11:59378, 0.131089, 62, 4800
1164, 192.168.0.11:59602, 0.107601, 62, 4800
1193, 192.168.0.11:59660, 0.099735, 62, 4800
1210, 192.168.0.11:59694, 0.084054, 62, 4800
767, 192.168.0.11:58958, 0.190989, 62, 4800
871, 192.168.0.11:59064, 0.169786, 62, 4800
934, 192.168.0.11:59142, 0.155848, 62, 4800
1083, 192.168.0.11:59440, 0.125481, 62, 4800
1116, 192.168.0.11:59506, 0.115840, 62, 4800
598, 192.168.0.11:58808, 0.334957, 62, 4800
1170, 192.168.0.11:59614, 0.107180, 62, 4800
885, 192.168.0.11:59084, 0.167703, 62, 4800
965, 192.168.0.11:59204, 0.148320, 62, 4800
982, 192.168.0.11:59238, 0.145060, 62, 4800
983, 192.168.0.11:59240, 0.144851, 62, 4800
995, 192.168.0.11:59264, 0.142510, 62, 4800
1021, 192.168.0.11:59316, 0.137460, 62, 4800
1043, 192.168.0.11:59360, 0.133276, 62, 4800
1082, 192.168.0.11:59438, 0.125996, 62, 4800
1158, 192.168.0.11:59590, 0.109170, 62, 4800
847, 192.168.0.11:59040, 0.175537, 62, 4800
881, 192.168.0.11:59078, 0.168625, 62, 4800
1113, 192.168.0.11:59500, 0.117018, 62, 4800
560, 192.168.0.11:58770, 0.338562, 62, 4800
697, 192.168.0.11:58882, 0.204581, 62, 4800
765, 192.168.0.11:58956, 0.193106, 62, 4800
843, 192.168.0.11:59036, 0.176451, 62, 4800
915, 192.168.0.11:59120, 0.161700, 62, 4800
988, 192.168.0.11:59250, 0.144422, 62, 4800
1008, 192.168.0.11:59290, 0.140474, 62, 4800
537, 192.168.0.11:58752, 0.340809, 62, 4800
545, 192.168.0.11:58756, 0.340289, 62, 4800
609, 192.168.0.11:58818, 0.334766, 62, 4800
1182, 192.168.0.11:59638, 0.106216, 62, 4800
1199, 192.168.0.11:59672, 0.098185, 62, 4800
809, 192.168.0.11:59000, 0.183967, 62, 4800
902, 192.168.0.11:59106, 0.164400, 62, 4800
990, 192.168.0.11:59254, 0.144276, 62, 4800
1020, 192.168.0.11:59314, 0.138244, 62, 4800
1039, 192.168.0.11:59352, 0.134673, 62, 4800
582, 192.168.0.11:58792, 0.337145, 62, 4800
587, 192.168.0.11:58796, 0.336771, 62, 4800
603, 192.168.0.11:58812, 0.335484, 62, 4800
639, 192.168.0.11:58846, 0.329921, 62, 4800
1155, 192.168.0.11:59584, 0.110417, 62, 4800
1071, 192.168.0.11:59416, 0.129165, 62, 4800
1077, 192.168.0.11:59428, 0.128001, 62, 4800
1122, 192.168.0.11:59518, 0.116091, 62, 4800
1129, 192.168.0.11:59532, 0.114930, 62, 4800
576, 192.168.0.11:58786, 0.337850, 62, 4800
1173, 192.168.0.11:59620, 0.108178, 62, 4800
1185, 192.168.0.11:59644, 0.106040, 62, 4800
875, 192.168.0.11:59070, 0.170775, 62, 4800
978, 192.168.0.11:59230, 0.147081, 62, 4800
1080, 192.168.0.11:59434, 0.127801, 62, 4800
1102, 192.168.0.11:59478, 0.120304, 62, 4800
799, 192.168.0.11:58990, 0.187396, 62, 4800
984, 192.168.0.11:59242, 0.146281, 62, 4800
1041, 192.168.0.11:59356, 0.135194, 62, 4800
1063, 192.168.0.11:59400, 0.131231, 62, 4800
1139, 192.168.0.11:59552, 0.113985, 62, 4800
1174, 192.168.0.11:59622, 0.108619, 62, 4800
740, 192.168.0.11:58930, 0.198339, 62, 4800
917, 192.168.0.11:59124, 0.161341, 62, 4800
929, 192.168.0.11:59136, 0.158982, 62, 4800
947, 192.168.0.11:59168, 0.155167, 62, 4800
1024, 192.168.0.11:59322, 0.138646, 62, 4800
1065, 192.168.0.11:59404, 0.131141, 62, 4800
542, 192.168.0.11:58754, 0.341866, 62, 4800
585, 192.168.0.11:58794, 0.338138, 62, 4800
589, 192.168.0.11:58798, 0.337814, 62, 4800
1141, 192.168.0.11:59556, 0.113953, 62, 4800
630, 192.168.0.11:58836, 0.333742, 62, 4800
1178, 192.168.0.11:59630, 0.108205, 62, 4800
1198, 192.168.0.11:59670, 0.099796, 62, 4800
848, 192.168.0.11:59042, 0.177243, 62, 4800
996, 192.168.0.11:59266, 0.144413, 62, 4800
1143, 192.168.0.11:59560, 0.113715, 62, 4800
1150, 192.168.0.11:59574, 0.112604, 62, 4800
878, 192.168.0.11:59074, 0.171138, 62, 4800
940, 192.168.0.11:59154, 0.157244, 62, 4800
1015, 192.168.0.11:59304, 0.140770, 62, 4800
1100, 192.168.0.11:59474, 0.121968, 62, 4800
1124, 192.168.0.11:59522, 0.117073, 62, 4800
1006, 192.168.0.11:59286, 0.142770, 62, 4800
1028, 192.168.0.11:59330, 0.138460, 62, 4800
476, 192.168.0.11:58720, 0.347090, 62, 4800
629, 192.168.0.11:58834, 0.335387, 62, 4800
670, 192.168.0.11:58868, 0.212440, 62, 4800
937, 192.168.0.11:59148, 0.158169, 62, 4800
564, 192.168.0.11:58774, 0.340554, 62, 4800
1171, 192.168.0.11:59616, 0.109971, 62, 4800
1187, 192.168.0.11:59648, 0.107336, 62, 4800
1209, 192.168.0.11:59692, 0.094699, 62, 4800
802, 192.168.0.11:58992, 0.188102, 62, 4800
931, 192.168.0.11:59138, 0.159502, 62, 4800
1002, 192.168.0.11:59278, 0.143914, 62, 4800
444, 192.168.0.11:58698, 0.350764, 62, 4800
1099, 192.168.0.11:59472, 0.122870, 62, 4800
1148, 192.168.0.11:59570, 0.113605, 62, 4800
961, 192.168.0.11:59196, 0.152205, 62, 4800
1014, 192.168.0.11:59302, 0.141651, 62, 4800
1106, 192.168.0.11:59486, 0.120900, 62, 4800
1207, 192.168.0.11:59688, 0.097863, 62, 4800
938, 192.168.0.11:59150, 0.158464, 62, 4800
1109, 192.168.0.11:59492, 0.120599, 62, 4800
551, 192.168.0.11:58762, 0.342190, 62, 4800
1183, 192.168.0.11:59640, 0.108610, 62, 4800
1202, 192.168.0.11:59678, 0.099746, 62, 4800
859, 192.168.0.11:59052, 0.176574, 62, 4800
517, 192.168.0.11:58742, 0.344784, 62, 4800
898, 192.168.0.11:59102, 0.167798, 62, 4800
959, 192.168.0.11:59192, 0.153000, 62, 4800
1128, 192.168.0.11:59530, 0.117530, 62, 4800
619, 192.168.0.11:58826, 0.337000, 62, 4800
728, 192.168.0.11:58918, 0.201883, 62, 4800
790, 192.168.0.11:58982, 0.190892, 62, 4800
944, 192.168.0.11:59162, 0.157418, 62, 4800
954, 192.168.0.11:59182, 0.155132, 62, 4800
1033, 192.168.0.11:59340, 0.138627, 62, 4800
1168, 192.168.0.11:59610, 0.111147, 62, 4800
1175, 192.168.0.11:59624, 0.110382, 62, 4800
956, 192.168.0.11:59186, 0.154505, 62, 4800
960, 192.168.0.11:59194, 0.153104, 62, 4800
1019, 192.168.0.11:59312, 0.141373, 62, 4800
1120, 192.168.0.11:59514, 0.119021, 62, 4800
1137, 192.168.0.11:59548, 0.116265, 62, 4800
626, 192.168.0.11:58832, 0.336737, 62, 4800
637, 192.168.0.11:58844, 0.333330, 62, 4800
1184, 192.168.0.11:59642, 0.108858, 62, 4800
1192, 192.168.0.11:59658, 0.104819, 62, 4800
1204, 192.168.0.11:59682, 0.099889, 62, 4800
941, 192.168.0.11:59156, 0.158550, 62, 4800
1042, 192.168.0.11:59358, 0.137315, 62, 4800
1103, 192.168.0.11:59480, 0.122407, 62, 4800
811, 192.168.0.11:59002, 0.186794, 62, 4800
933, 192.168.0.11:59140, 0.160377, 62, 4800
1011, 192.168.0.11:59296, 0.143339, 62, 4800
600, 192.168.0.11:58810, 0.339027, 62, 4800
1159, 192.168.0.11:59592, 0.113019, 62, 4800
869, 192.168.0.11:59062, 0.175778, 62, 4800
1090, 192.168.0.11:59454, 0.127968, 62, 4800
916, 192.168.0.11:59122, 0.163962, 62, 4800
946, 192.168.0.11:59166, 0.157795, 62, 4800
994, 192.168.0.11:59262, 0.147140, 62, 4800
1044, 192.168.0.11:59362, 0.137335, 62, 4800
1070, 192.168.0.11:59414, 0.132702, 62, 4800
1149, 192.168.0.11:59572, 0.114965, 62, 4800
1151, 192.168.0.11:59576, 0.114635, 62, 4800
1176, 192.168.0.11:59626, 0.111007, 62, 4800
1180, 192.168.0.11:59634, 0.110362, 62, 4800
936, 192.168.0.11:59146, 0.160228, 62, 4800
1147, 192.168.0.11:59568, 0.115430, 62, 4800
1195, 192.168.0.11:59664, 0.103560, 62, 4800
804, 192.168.0.11:58994, 0.189623, 62, 4800
943, 192.168.0.11:59160, 0.158707, 62, 4800
1079, 192.168.0.11:59432, 0.131306, 62, 4800
1145, 192.168.0.11:59564, 0.115885, 62, 4800
1010, 192.168.0.11:59294, 0.144394, 62, 4800
1051, 192.168.0.11:59376, 0.136753, 62, 4800
605, 192.168.0.11:58814, 0.339454, 62, 4800
641, 192.168.0.11:58848, 0.333463, 62, 4800
1016, 192.168.0.11:59306, 0.143225, 62, 4800
1144, 192.168.0.11:59562, 0.116492, 62, 4800
1166, 192.168.0.11:59606, 0.112893, 62, 4800
1186, 192.168.0.11:59646, 0.109838, 62, 4800
1196, 192.168.0.11:59666, 0.103496, 62, 4800
974, 192.168.0.11:59222, 0.151598, 62, 4800
812, 192.168.0.11:59004, 0.187329, 62, 4800
1197, 192.168.0.11:59668, 0.103190, 62, 4800
923, 192.168.0.11:59130, 0.163596, 62, 4800
1073, 192.168.0.11:59420, 0.133078, 62, 4800
1160, 192.168.0.11:59594, 0.114067, 62, 4800
1177, 192.168.0.11:59628, 0.111752, 62, 4800
770, 192.168.0.11:58962, 0.196125, 62, 4800
951, 192.168.0.11:59176, 0.157559, 62, 4800
1105, 192.168.0.11:59484, 0.123541, 62, 4800
831, 192.168.0.11:59022, 0.184741, 62, 4800
918, 192.168.0.11:59126, 0.164870, 62, 4800
935, 192.168.0.11:59144, 0.161544, 62, 4800
1009, 192.168.0.11:59292, 0.145345, 62, 4800
861, 192.168.0.11:59054, 0.178673, 62, 4800
900, 192.168.0.11:59104, 0.169734, 62, 4800
624, 192.168.0.11:58830, 0.338856, 62, 4800
985, 192.168.0.11:59244, 0.150250, 62, 4800
1179, 192.168.0.11:59632, 0.111920, 62, 4800
1200, 192.168.0.11:59674, 0.102806, 62, 4800
768, 192.168.0.11:58960, 0.197086, 62, 4800
1189, 192.168.0.11:59652, 0.109433, 62, 4800
1205, 192.168.0.11:59684, 0.101188, 62, 4800
1068, 192.168.0.11:59410, 0.134691, 62, 4800
1081, 192.168.0.11:59436, 0.132397, 62, 4800
1012, 192.168.0.11:59298, 0.145337, 62, 4800
816, 192.168.0.11:59008, 0.188012, 62, 4800
920, 192.168.0.11:59128, 0.165663, 62, 4800
967, 192.168.0.11:59208, 0.154930, 62, 4800
857, 192.168.0.11:59050, 0.181184, 62, 4800
1078, 192.168.0.11:59430, 0.134532, 62, 4800
1031, 192.168.0.11:59336, 0.143298, 62, 4800
729, 192.168.0.10:43300, 0.302487, 62, 4800
711, 192.168.0.10:43286, 0.324331, 62, 4800
658, 192.168.0.10:43222, 0.337262, 62, 4800
742, 192.168.0.10:43312, 0.324876, 62, 4800
758, 192.168.0.10:43328, 0.323087, 62, 4800
1490, 192.168.0.10:44046, 0.062588, 62, 4800
679, 192.168.0.10:43250, 0.337139, 62, 4800
683, 192.168.0.10:43258, 0.336245, 62, 4800
1252, 192.168.0.10:43570, 0.112553, 62, 4800
493, 192.168.0.10:43094, 0.475407, 62, 4800
682, 192.168.0.10:43256, 0.339191, 62, 4800
864, 192.168.0.10:43432, 0.305536, 62, 4800
1222, 192.168.0.10:43510, 0.122263, 62, 4800
705, 192.168.0.10:43280, 0.336997, 62, 4800
1434, 192.168.0.10:43934, 0.083370, 62, 4800
1280, 192.168.0.10:43626, 0.111555, 62, 4800
1278, 192.168.0.10:43622, 0.111988, 62, 4800
483, 192.168.0.10:43088, 0.479221, 62, 4800
908, 192.168.0.10:43464, 0.297877, 62, 4800
1230, 192.168.0.10:43526, 0.121863, 62, 4800
1458, 192.168.0.10:43982, 0.080751, 62, 4800
468, 192.168.0.10:43078, 0.482339, 62, 4800
1393, 192.168.0.10:43852, 0.093435, 62, 4800
748, 192.168.0.10:43318, 0.333284, 62, 4800
1363, 192.168.0.10:43792, 0.099850, 62, 4800
454, 192.168.0.10:43072, 0.484981, 62, 4800
1479, 192.168.0.10:44024, 0.075062, 62, 4800
669, 192.168.0.10:43232, 0.348613, 62, 4800
1271, 192.168.0.10:43608, 0.116897, 62, 4800
1273, 192.168.0.10:43612, 0.116665, 62, 4800
856, 192.168.0.10:43424, 0.312944, 62, 4800
567, 192.168.0.10:43154, 0.476776, 62, 4800
1454, 192.168.0.10:43974, 0.085351, 62, 4800
530, 192.168.0.10:43120, 0.480357, 62, 4800
504, 192.168.0.10:43102, 0.482474, 62, 4800
590, 192.168.0.10:43178, 0.476183, 62, 4800
663, 192.168.0.10:43226, 0.351651, 62, 4800
807, 192.168.0.10:43378, 0.325464, 62, 4800
692, 192.168.0.10:43268, 0.345781, 62, 4800
519, 192.168.0.10:43112, 0.482654, 62, 4800
824, 192.168.0.10:43394, 0.322139, 62, 4800
701, 192.168.0.10:43276, 0.345669, 62, 4800
1274, 192.168.0.10:43614, 0.119896, 62, 4800
1257, 192.168.0.10:43580, 0.122288, 62, 4800
781, 192.168.0.10:43350, 0.331408, 62, 4800
1398, 192.168.0.10:43862, 0.097624, 62, 4800
1414, 192.168.0.10:43894, 0.095015, 62, 4800
696, 192.168.0.10:43272, 0.347028, 62, 4800
1243, 192.168.0.10:43552, 0.126011, 62, 4800
746, 192.168.0.10:43316, 0.338421, 62, 4800
1327, 192.168.0.10:43720, 0.112156, 62, 4800
1295, 192.168.0.10:43656, 0.117956, 62, 4800
1335, 192.168.0.10:43736, 0.111051, 62, 4800
1391, 192.168.0.10:43848, 0.099492, 62, 4800
548, 192.168.0.10:43134, 0.482662, 62, 4800
672, 192.168.0.10:43236, 0.352723, 62, 4800
762, 192.168.0.10:43332, 0.336580, 62, 4800
769, 192.168.0.10:43338, 0.334382, 62, 4800
1288, 192.168.0.10:43642, 0.119252, 62, 4800
1455, 192.168.0.10:43976, 0.089143, 62, 4800
514, 192.168.0.10:43108, 0.485292, 62, 4800
817, 192.168.0.10:43386, 0.325208, 62, 4800
1342, 192.168.0.10:43750, 0.110685, 62, 4800
1417, 192.168.0.10:43900, 0.096117, 62, 4800
1378, 192.168.0.10:43822, 0.102841, 62, 4800
1385, 192.168.0.10:43836, 0.101645, 62, 4800
1286, 192.168.0.10:43638, 0.120705, 62, 4800
681, 192.168.0.10:43254, 0.351274, 62, 4800
744, 192.168.0.10:43314, 0.340863, 62, 4800
478, 192.168.0.10:43084, 0.489785, 62, 4800
1249, 192.168.0.10:43564, 0.127118, 62, 4800
534, 192.168.0.10:43122, 0.485976, 62, 4800
1311, 192.168.0.10:43688, 0.118007, 62, 4800
1334, 192.168.0.10:43734, 0.113924, 62, 4800
1357, 192.168.0.10:43780, 0.109464, 62, 4800
1262, 192.168.0.10:43590, 0.125424, 62, 4800
1299, 192.168.0.10:43664, 0.120547, 62, 4800
1308, 192.168.0.10:43682, 0.119169, 62, 4800
1320, 192.168.0.10:43706, 0.117147, 62, 4800
571, 192.168.0.10:43158, 0.484065, 62, 4800
671, 192.168.0.10:43234, 0.356517, 62, 4800
1372, 192.168.0.10:43810, 0.106564, 62, 4800
584, 192.168.0.10:43172, 0.483704, 62, 4800
665, 192.168.0.10:43228, 0.358391, 62, 4800
678, 192.168.0.10:43248, 0.355149, 62, 4800
1275, 192.168.0.10:43616, 0.125396, 62, 4800
1322, 192.168.0.10:43710, 0.118048, 62, 4800
914, 192.168.0.10:43470, 0.309454, 62, 4800
595, 192.168.0.10:43182, 0.483527, 62, 4800
1475, 192.168.0.10:44016, 0.086344, 62, 4800
1279, 192.168.0.10:43624, 0.125397, 62, 4800
1326, 192.168.0.10:43718, 0.117869, 62, 4800
448, 192.168.0.10:43070, 0.495939, 62, 4800
1277, 192.168.0.10:43620, 0.125941, 62, 4800
1421, 192.168.0.10:43908, 0.099858, 62, 4800
1333, 192.168.0.10:43732, 0.116855, 62, 4800
1388, 192.168.0.10:43842, 0.105389, 62, 4800
1400, 192.168.0.10:43866, 0.103434, 62, 4800
1329, 192.168.0.10:43724, 0.117851, 62, 4800
471, 192.168.0.10:43080, 0.494079, 62, 4800
714, 192.168.0.10:43288, 0.350944, 62, 4800
1353, 192.168.0.10:43772, 0.113922, 62, 4800
1419, 192.168.0.10:43904, 0.101013, 62, 4800
569, 192.168.0.10:43156, 0.486916, 62, 4800
922, 192.168.0.10:43476, 0.308462, 62, 4800
1405, 192.168.0.10:43876, 0.103862, 62, 4800
592, 192.168.0.10:43180, 0.485583, 62, 4800
1251, 192.168.0.10:43568, 0.130857, 62, 4800
1265, 192.168.0.10:43596, 0.128985, 62, 4800
694, 192.168.0.10:43270, 0.354685, 62, 4800
1261, 192.168.0.10:43588, 0.129647, 62, 4800
1282, 192.168.0.10:43630, 0.126924, 62, 4800
1429, 192.168.0.10:43924, 0.100388, 62, 4800
794, 192.168.0.10:43364, 0.337298, 62, 4800
1359, 192.168.0.10:43784, 0.113608, 62, 4800
1218, 192.168.0.10:43502, 0.140380, 62, 4800
684, 192.168.0.10:43260, 0.356649, 62, 4800
1447, 192.168.0.10:43960, 0.097977, 62, 4800
1442, 192.168.0.10:43950, 0.098931, 62, 4800
529, 192.168.0.10:43118, 0.491861, 62, 4800
1376, 192.168.0.10:43818, 0.109936, 62, 4800
490, 192.168.0.10:43092, 0.494913, 62, 4800
1268, 192.168.0.10:43602, 0.129858, 62, 4800
789, 192.168.0.10:43358, 0.339092, 62, 4800
575, 192.168.0.10:43162, 0.488738, 62, 4800
580, 192.168.0.10:43168, 0.488267, 62, 4800
625, 192.168.0.10:43208, 0.484935, 62, 4800
1212, 192.168.0.10:43490, 0.143541, 62, 4800
699, 192.168.0.10:43274, 0.355766, 62, 4800
1284, 192.168.0.10:43634, 0.128289, 62, 4800
853, 192.168.0.10:43420, 0.326281, 62, 4800
628, 192.168.0.10:43210, 0.484936, 62, 4800
1223, 192.168.0.10:43512, 0.140244, 62, 4800
1438, 192.168.0.10:43942, 0.100700, 62, 4800
474, 192.168.0.10:43082, 0.496953, 62, 4800
673, 192.168.0.10:43238, 0.361131, 62, 4800
1317, 192.168.0.10:43700, 0.123204, 62, 4800
465, 192.168.0.10:43076, 0.497949, 62, 4800
1287, 192.168.0.10:43640, 0.128317, 62, 4800
1215, 192.168.0.10:43496, 0.143164, 62, 4800
1397, 192.168.0.10:43860, 0.107706, 62, 4800
1431, 192.168.0.10:43928, 0.102252, 62, 4800
606, 192.168.0.10:43194, 0.487044, 62, 4800
1350, 192.168.0.10:43766, 0.117929, 62, 4800
1270, 192.168.0.10:43606, 0.131167, 62, 4800
1232, 192.168.0.10:43530, 0.138932, 62, 4800
1264, 192.168.0.10:43594, 0.132231, 62, 4800
1364, 192.168.0.10:43794, 0.114786, 62, 4800
1448, 192.168.0.10:43962, 0.100116, 62, 4800
1477, 192.168.0.10:44020, 0.090736, 62, 4800
810, 192.168.0.10:43380, 0.336335, 62, 4800
1305, 192.168.0.10:43676, 0.126551, 62, 4800
1344, 192.168.0.10:43754, 0.119626, 62, 4800
1360, 192.168.0.10:43786, 0.116305, 62, 4800
690, 192.168.0.10:43266, 0.358480, 62, 4800
1276, 192.168.0.10:43618, 0.131077, 62, 4800
1425, 192.168.0.10:43916, 0.104377, 62, 4800
1256, 192.168.0.10:43578, 0.133944, 62, 4800
1468, 192.168.0.10:44002, 0.097250, 62, 4800
1368, 192.168.0.10:43802, 0.114244, 62, 4800
1369, 192.168.0.10:43804, 0.114048, 62, 4800
516, 192.168.0.10:43110, 0.495691, 62, 4800
787, 192.168.0.10:43356, 0.342035, 62, 4800
1383, 192.168.0.10:43832, 0.111758, 62, 4800
1244, 192.168.0.10:43554, 0.137250, 62, 4800
733, 192.168.0.10:43304, 0.351733, 62, 4800
1422, 192.168.0.10:43910, 0.105406, 62, 4800
1435, 192.168.0.10:43936, 0.103345, 62, 4800
1316, 192.168.0.10:43698, 0.125576, 62, 4800
1481, 192.168.0.10:44028, 0.090683, 62, 4800
721, 192.168.0.10:43292, 0.354613, 62, 4800
1340, 192.168.0.10:43746, 0.121813, 62, 4800
1345, 192.168.0.10:43756, 0.120914, 62, 4800
1430, 192.168.0.10:43926, 0.104755, 62, 4800
1451, 192.168.0.10:43968, 0.101251, 62, 4800
1452, 192.168.0.10:43970, 0.101081, 62, 4800
776, 192.168.0.10:43346, 0.344741, 62, 4800
833, 192.168.0.10:43402, 0.333879, 62, 4800
1476, 192.168.0.10:44018, 0.092792, 62, 4800
461, 192.168.0.10:43074, 0.501058, 62, 4800
1446, 192.168.0.10:43958, 0.102336, 62, 4800
1290, 192.168.0.10:43646, 0.130672, 62, 4800
1373, 192.168.0.10:43812, 0.114512, 62, 4800
1463, 192.168.0.10:43992, 0.099523, 62, 4800
677, 192.168.0.10:43246, 0.363269, 62, 4800
680, 192.168.0.10:43252, 0.362239, 62, 4800
1228, 192.168.0.10:43522, 0.142403, 62, 4800
1267, 192.168.0.10:43600, 0.134245, 62, 4800
1361, 192.168.0.10:43788, 0.118240, 62, 4800
1392, 192.168.0.10:43850, 0.111636, 62, 4800
1406, 192.168.0.10:43878, 0.109464, 62, 4800
1315, 192.168.0.10:43696, 0.127219, 62, 4800
1488, 192.168.0.10:44042, 0.089124, 62, 4800
1245, 192.168.0.10:43556, 0.138673, 62, 4800
1272, 192.168.0.10:43610, 0.134016, 62, 4800
1285, 192.168.0.10:43636, 0.132416, 62, 4800
919, 192.168.0.10:43472, 0.315478, 62, 4800
1354, 192.168.0.10:43774, 0.120544, 62, 4800
1356, 192.168.0.10:43778, 0.120116, 62, 4800
750, 192.168.0.10:43320, 0.351488, 62, 4800
1412, 192.168.0.10:43890, 0.109186, 62, 4800
1495, 192.168.0.10:44056, 0.088126, 62, 4800
1381, 192.168.0.10:43828, 0.114421, 62, 4800
752, 192.168.0.10:43322, 0.351359, 62, 4800
1291, 192.168.0.10:43648, 0.131975, 62, 4800
1339, 192.168.0.10:43744, 0.123704, 62, 4800
1269, 192.168.0.10:43604, 0.135093, 62, 4800
703, 192.168.0.10:43278, 0.360183, 62, 4800
858, 192.168.0.10:43426, 0.330304, 62, 4800
877, 192.168.0.10:43442, 0.325945, 62, 4800
1211, 192.168.0.10:43488, 0.148798, 62, 4800
1239, 192.168.0.10:43544, 0.141213, 62, 4800
1216, 192.168.0.10:43498, 0.147487, 62, 4800
1470, 192.168.0.10:44006, 0.100171, 62, 4800
502, 192.168.0.10:43100, 0.499949, 62, 4800
550, 192.168.0.10:43136, 0.496466, 62, 4800
1330, 192.168.0.10:43726, 0.126124, 62, 4800
1336, 192.168.0.10:43738, 0.124985, 62, 4800
1338, 192.168.0.10:43742, 0.124665, 62, 4800
1428, 192.168.0.10:43922, 0.107555, 62, 4800
1219, 192.168.0.10:43504, 0.146983, 62, 4800
1259, 192.168.0.10:43584, 0.137215, 62, 4800
1297, 192.168.0.10:43660, 0.132088, 62, 4800
1313, 192.168.0.10:43692, 0.129364, 62, 4800
526, 192.168.0.10:43116, 0.498629, 62, 4800
1234, 192.168.0.10:43534, 0.143106, 62, 4800
1349, 192.168.0.10:43764, 0.123177, 62, 4800
1394, 192.168.0.10:43854, 0.113542, 62, 4800
1424, 192.168.0.10:43914, 0.108694, 62, 4800
760, 192.168.0.10:43330, 0.351480, 62, 4800
828, 192.168.0.10:43398, 0.337739, 62, 4800
889, 192.168.0.10:43450, 0.325206, 62, 4800
1324, 192.168.0.10:43714, 0.128054, 62, 4800
727, 192.168.0.10:43298, 0.356847, 62, 4800
1283, 192.168.0.10:43632, 0.134881, 62, 4800
1319, 192.168.0.10:43704, 0.129047, 62, 4800
1331, 192.168.0.10:43728, 0.126930, 62, 4800
1348, 192.168.0.10:43762, 0.123866, 62, 4800
1418, 192.168.0.10:43902, 0.110185, 62, 4800
826, 192.168.0.10:43396, 0.338623, 62, 4800
1312, 192.168.0.10:43690, 0.130503, 62, 4800
1337, 192.168.0.10:43740, 0.126109, 62, 4800
577, 192.168.0.10:43164, 0.495438, 62, 4800
716, 192.168.0.10:43290, 0.360177, 62, 4800
1465, 192.168.0.10:43996, 0.102612, 62, 4800
1492, 192.168.0.10:44050, 0.091317, 62, 4800
536, 192.168.0.10:43124, 0.499253, 62, 4800
1401, 192.168.0.10:43868, 0.113524, 62, 4800
1403, 192.168.0.10:43872, 0.113232, 62, 4800
1250, 192.168.0.10:43566, 0.140038, 62, 4800
496, 192.168.0.10:43096, 0.502358, 62, 4800
735, 192.168.0.10:43306, 0.356485, 62, 4800
674, 192.168.0.10:43240, 0.368135, 62, 4800
1242, 192.168.0.10:43550, 0.142932, 62, 4800
1300, 192.168.0.10:43666, 0.133500, 62, 4800
1420, 192.168.0.10:43906, 0.111002, 62, 4800
1241, 192.168.0.10:43548, 0.143404, 62, 4800
860, 192.168.0.10:43428, 0.332937, 62, 4800
1390, 192.168.0.10:43846, 0.116124, 62, 4800
1466, 192.168.0.10:43998, 0.103456, 62, 4800
1229, 192.168.0.10:43524, 0.146614, 62, 4800
1266, 192.168.0.10:43598, 0.138720, 62, 4800
1382, 192.168.0.10:43830, 0.117699, 62, 4800
1459, 192.168.0.10:43984, 0.104810, 62, 4800
632, 192.168.0.10:43212, 0.491188, 62, 4800
667, 192.168.0.10:43230, 0.370364, 62, 4800
756, 192.168.0.10:43326, 0.354314, 62, 4800
839, 192.168.0.10:43408, 0.338080, 62, 4800
1323, 192.168.0.10:43712, 0.130170, 62, 4800
886, 192.168.0.10:43448, 0.327785, 62, 4800
1352, 192.168.0.10:43770, 0.124940, 62, 4800
1441, 192.168.0.10:43948, 0.108161, 62, 4800
1371, 192.168.0.10:43808, 0.119962, 62, 4800
1409, 192.168.0.10:43884, 0.113609, 62, 4800
1427, 192.168.0.10:43920, 0.110635, 62, 4800
1440, 192.168.0.10:43946, 0.108576, 62, 4800
522, 192.168.0.10:43114, 0.501562, 62, 4800
561, 192.168.0.10:43148, 0.498563, 62, 4800
1293, 192.168.0.10:43652, 0.135543, 62, 4800
1314, 192.168.0.10:43694, 0.132063, 62, 4800
1377, 192.168.0.10:43820, 0.119045, 62, 4800
1483, 192.168.0.10:44032, 0.096307, 62, 4800
480, 192.168.0.10:43086, 0.504842, 62, 4800
708, 192.168.0.10:43282, 0.363275, 62, 4800
866, 192.168.0.10:43434, 0.332784, 62, 4800
1494, 192.168.0.10:44054, 0.092620, 62, 4800
554, 192.168.0.10:43140, 0.499738, 62, 4800
588, 192.168.0.10:43176, 0.496784, 62, 4800
601, 192.168.0.10:43188, 0.495768, 62, 4800
1213, 192.168.0.10:43492, 0.152222, 62, 4800
723, 192.168.0.10:43294, 0.360235, 62, 4800
1343, 192.168.0.10:43752, 0.127311, 62, 4800
928, 192.168.0.10:43482, 0.318295, 62, 4800
1395, 192.168.0.10:43856, 0.116493, 62, 4800
798, 192.168.0.10:43368, 0.347080, 62, 4800
1387, 192.168.0.10:43840, 0.117876, 62, 4800
1423, 192.168.0.10:43912, 0.112045, 62, 4800
1486, 192.168.0.10:44038, 0.095118, 62, 4800
507, 192.168.0.10:43104, 0.503361, 62, 4800
1301, 192.168.0.10:43668, 0.134978, 62, 4800
868, 192.168.0.10:43436, 0.332959, 62, 4800
1318, 192.168.0.10:43702, 0.131986, 62, 4800
676, 192.168.0.10:43244, 0.369218, 62, 4800
1386, 192.168.0.10:43838, 0.118302, 62, 4800
1389, 192.168.0.10:43844, 0.117755, 62, 4800
1413, 192.168.0.10:43892, 0.113823, 62, 4800
1432, 192.168.0.10:43930, 0.110823, 62, 4800
1449, 192.168.0.10:43964, 0.107949, 62, 4800
583, 192.168.0.10:43170, 0.497611, 62, 4800
764, 192.168.0.10:43334, 0.354140, 62, 4800
1374, 192.168.0.10:43814, 0.120505, 62, 4800
573, 192.168.0.10:43160, 0.498597, 62, 4800
1480, 192.168.0.10:44026, 0.098027, 62, 4800
1302, 192.168.0.10:43670, 0.135302, 62, 4800
1450, 192.168.0.10:43966, 0.108298, 62, 4800
1497, 192.168.0.10:44060, 0.091830, 62, 4800
1224, 192.168.0.10:43514, 0.149885, 62, 4800
775, 192.168.0.10:43344, 0.351805, 62, 4800
801, 192.168.0.10:43372, 0.347449, 62, 4800
1439, 192.168.0.10:43944, 0.110291, 62, 4800
1226, 192.168.0.10:43518, 0.149457, 62, 4800
1289, 192.168.0.10:43644, 0.137651, 62, 4800
892, 192.168.0.10:43452, 0.328714, 62, 4800
1487, 192.168.0.10:44040, 0.095742, 62, 4800
1489, 192.168.0.10:44044, 0.095186, 62, 4800
546, 192.168.0.10:43132, 0.501559, 62, 4800
732, 192.168.0.10:43302, 0.359797, 62, 4800
1260, 192.168.0.10:43586, 0.141708, 62, 4800
803, 192.168.0.10:43374, 0.347371, 62, 4800
899, 192.168.0.10:43456, 0.326466, 62, 4800
1379, 192.168.0.10:43824, 0.120420, 62, 4800
1444, 192.168.0.10:43954, 0.109724, 62, 4800
1464, 192.168.0.10:43994, 0.106179, 62, 4800
1347, 192.168.0.10:43760, 0.127943, 62, 4800
1367, 192.168.0.10:43800, 0.123065, 62, 4800
443, 192.168.0.10:43068, 0.510467, 62, 4800
754, 192.168.0.10:43324, 0.356871, 62, 4800
771, 192.168.0.10:43340, 0.352857, 62, 4800
1307, 192.168.0.10:43680, 0.135197, 62, 4800
1399, 192.168.0.10:43864, 0.117247, 62, 4800
1254, 192.168.0.10:43574, 0.142879, 62, 4800
1355, 192.168.0.10:43776, 0.126462, 62, 4800
1310, 192.168.0.10:43686, 0.134908, 62, 4800
1416, 192.168.0.10:43898, 0.114756, 62, 4800
1443, 192.168.0.10:43952, 0.110366, 62, 4800
1456, 192.168.0.10:43978, 0.108069, 62, 4800
608, 192.168.0.10:43196, 0.497016, 62, 4800
1396, 192.168.0.10:43858, 0.118104, 62, 4800
1491, 192.168.0.10:44048, 0.095389, 62, 4800
604, 192.168.0.10:43192, 0.497451, 62, 4800
1325, 192.168.0.10:43716, 0.132578, 62, 4800
499, 192.168.0.10:43098, 0.505857, 62, 4800
805, 192.168.0.10:43376, 0.347873, 62, 4800
880, 192.168.0.10:43444, 0.331572, 62, 4800
1375, 192.168.0.10:43816, 0.121911, 62, 4800
622, 192.168.0.10:43206, 0.496372, 62, 4800
640, 192.168.0.10:43220, 0.491894, 62, 4800
688, 192.168.0.10:43264, 0.368390, 62, 4800
773, 192.168.0.10:43342, 0.353271, 62, 4800
1294, 192.168.0.10:43654, 0.138016, 62, 4800
913, 192.168.0.10:43468, 0.324758, 62, 4800
1370, 192.168.0.10:43806, 0.122957, 62, 4800
544, 192.168.0.10:43130, 0.502968, 62, 4800
1227, 192.168.0.10:43520, 0.150257, 62, 4800
1341, 192.168.0.10:43748, 0.129957, 62, 4800
1365, 192.168.0.10:43796, 0.124624, 62, 4800
1467, 192.168.0.10:44000, 0.106695, 62, 4800
1296, 192.168.0.10:43658, 0.137935, 62, 4800
1309, 192.168.0.10:43684, 0.135765, 62, 4800
1404, 192.168.0.10:43874, 0.117507, 62, 4800
636, 192.168.0.10:43216, 0.493349, 62, 4800
1231, 192.168.0.10:43528, 0.149578, 62, 4800
1472, 192.168.0.10:44010, 0.105767, 62, 4800
510, 192.168.0.10:43106, 0.505421, 62, 4800
1473, 192.168.0.10:44012, 0.104068, 62, 4800
1499, 192.168.0.10:44064, 0.087079, 62, 4800
1225, 192.168.0.10:43516, 0.151431, 62, 4800
1255, 192.168.0.10:43576, 0.143858, 62, 4800
1346, 192.168.0.10:43758, 0.129502, 62, 4800
1485, 192.168.0.10:44036, 0.097876, 62, 4800
543, 192.168.0.10:43128, 0.503555, 62, 4800
1478, 192.168.0.10:44022, 0.100764, 62, 4800
1240, 192.168.0.10:43546, 0.147727, 62, 4800
1457, 192.168.0.10:43980, 0.109077, 62, 4800
1221, 192.168.0.10:43508, 0.152832, 62, 4800
1469, 192.168.0.10:44004, 0.107107, 62, 4800
599, 192.168.0.10:43186, 0.499137, 62, 4800
1217, 192.168.0.10:43500, 0.153904, 62, 4800
686, 192.168.0.10:43262, 0.369657, 62, 4800
830, 192.168.0.10:43400, 0.343498, 62, 4800
1298, 192.168.0.10:43662, 0.138438, 62, 4800
1304, 192.168.0.10:43674, 0.137432, 62, 4800
1445, 192.168.0.10:43956, 0.111483, 62, 4800
486, 192.168.0.10:43090, 0.508066, 62, 4800
540, 192.168.0.10:43126, 0.504277, 62, 4800
597, 192.168.0.10:43184, 0.499418, 62, 4800
1220, 192.168.0.10:43506, 0.153392, 62, 4800
784, 192.168.0.10:43354, 0.352495, 62, 4800
819, 192.168.0.10:43388, 0.345382, 62, 4800
1461, 192.168.0.10:43988, 0.108697, 62, 4800
1384, 192.168.0.10:43834, 0.121654, 62, 4800
1415, 192.168.0.10:43896, 0.116580, 62, 4800
1460, 192.168.0.10:43986, 0.108958, 62, 4800
617, 192.168.0.10:43202, 0.498057, 62, 4800
821, 192.168.0.10:43390, 0.345270, 62, 4800
1306, 192.168.0.10:43678, 0.137396, 62, 4800
850, 192.168.0.10:43418, 0.339294, 62, 4800
1402, 192.168.0.10:43870, 0.118896, 62, 4800
1426, 192.168.0.10:43918, 0.114874, 62, 4800
578, 192.168.0.10:43166, 0.501193, 62, 4800
586, 192.168.0.10:43174, 0.500546, 62, 4800
1236, 192.168.0.10:43538, 0.149436, 62, 4800
862, 192.168.0.10:43430, 0.337391, 62, 4800
883, 192.168.0.10:43446, 0.332663, 62, 4800
924, 192.168.0.10:43478, 0.322717, 62, 4800
1380, 192.168.0.10:43826, 0.122645, 62, 4800
726, 192.168.0.10:43296, 0.363493, 62, 4800
1321, 192.168.0.10:43708, 0.135045, 62, 4800
791, 192.168.0.10:43360, 0.351939, 62, 4800
1303, 192.168.0.10:43672, 0.138212, 62, 4800
1474, 192.168.0.10:44014, 0.103237, 62, 4800
1496, 192.168.0.10:44058, 0.096057, 62, 4800
737, 192.168.0.10:43308, 0.361787, 62, 4800
849, 192.168.0.10:43416, 0.339892, 62, 4800
1408, 192.168.0.10:43882, 0.118349, 62, 4800
1462, 192.168.0.10:43990, 0.109153, 62, 4800
1498, 192.168.0.10:44062, 0.088696, 62, 4800
1482, 192.168.0.10:44030, 0.100988, 62, 4800
1237, 192.168.0.10:43540, 0.149687, 62, 4800
1292, 192.168.0.10:43650, 0.140284, 62, 4800
1410, 192.168.0.10:43886, 0.118186, 62, 4800
1263, 192.168.0.10:43592, 0.144259, 62, 4800
835, 192.168.0.10:43404, 0.343674, 62, 4800
610, 192.168.0.10:43198, 0.499326, 62, 4800
739, 192.168.0.10:43310, 0.361894, 62, 4800
782, 192.168.0.10:43352, 0.353811, 62, 4800
1328, 192.168.0.10:43722, 0.134315, 62, 4800
1433, 192.168.0.10:43932, 0.114630, 62, 4800
1471, 192.168.0.10:44008, 0.107839, 62, 4800
1436, 192.168.0.10:43938, 0.114289, 62, 4800
1437, 192.168.0.10:43940, 0.114132, 62, 4800
854, 192.168.0.10:43422, 0.339684, 62, 4800
559, 192.168.0.10:43146, 0.503780, 62, 4800
709, 192.168.0.10:43284, 0.368016, 62, 4800
1500, 192.168.0.10:44066, 0.088900, 62, 4800
565, 192.168.0.10:43152, 0.503309, 62, 4800
1407, 192.168.0.10:43880, 0.119261, 62, 4800
675, 192.168.0.10:43242, 0.373901, 62, 4800
1238, 192.168.0.10:43542, 0.150099, 62, 4800
1258, 192.168.0.10:43582, 0.145531, 62, 4800
1411, 192.168.0.10:43888, 0.118711, 62, 4800
1233, 192.168.0.10:43532, 0.151499, 62, 4800
614, 192.168.0.10:43200, 0.499711, 62, 4800
1246, 192.168.0.10:43558, 0.148330, 62, 4800
926, 192.168.0.10:43480, 0.323613, 62, 4800
638, 192.168.0.10:43218, 0.495307, 62, 4800
837, 192.168.0.10:43406, 0.344193, 62, 4800
556, 192.168.0.10:43142, 0.504596, 62, 4800
932, 192.168.0.10:43486, 0.322566, 62, 4800
1366, 192.168.0.10:43798, 0.127303, 62, 4800
823, 192.168.0.10:43392, 0.346661, 62, 4800
552, 192.168.0.10:43138, 0.505191, 62, 4800
1248, 192.168.0.10:43562, 0.148218, 62, 4800
1253, 192.168.0.10:43572, 0.146727, 62, 4800
813, 192.168.0.10:43382, 0.348350, 62, 4800
1332, 192.168.0.10:43730, 0.134630, 62, 4800
800, 192.168.0.10:43370, 0.352053, 62, 4800
906, 192.168.0.10:43462, 0.329403, 62, 4800
563, 192.168.0.10:43150, 0.504443, 62, 4800
842, 192.168.0.10:43410, 0.342629, 62, 4800
1484, 192.168.0.10:44034, 0.101356, 62, 4800
846, 192.168.0.10:43414, 0.342078, 62, 4800
1358, 192.168.0.10:43782, 0.129790, 62, 4800
870, 192.168.0.10:43438, 0.338042, 62, 4800
620, 192.168.0.10:43204, 0.500079, 62, 4800
635, 192.168.0.10:43214, 0.496851, 62, 4800
557, 192.168.0.10:43144, 0.505196, 62, 4800
792, 192.168.0.10:43362, 0.353976, 62, 4800
796, 192.168.0.10:43366, 0.353332, 62, 4800
894, 192.168.0.10:43454, 0.333315, 62, 4800
930, 192.168.0.10:43484, 0.323915, 62, 4800
1281, 192.168.0.10:43628, 0.143810, 62, 4800
901, 192.168.0.10:43458, 0.330905, 62, 4800
778, 192.168.0.10:43348, 0.356716, 62, 4800
1214, 192.168.0.10:43494, 0.158262, 62, 4800
814, 192.168.0.10:43384, 0.349244, 62, 4800
874, 192.168.0.10:43440, 0.337090, 62, 4800
766, 192.168.0.10:43336, 0.359947, 62, 4800
1247, 192.168.0.10:43560, 0.149691, 62, 4800
660, 192.168.0.10:43224, 0.378964, 62, 4800
911, 192.168.0.10:43466, 0.329475, 62, 4800
1362, 192.168.0.10:43790, 0.129614, 62, 4800
1235, 192.168.0.10:43536, 0.152650, 62, 4800
921, 192.168.0.10:43474, 0.326281, 62, 4800
903, 192.168.0.10:43460, 0.331130, 62, 4800
602, 192.168.0.10:43190, 0.502382, 62, 4800
845, 192.168.0.10:43412, 0.343362, 62, 4800
1493, 192.168.0.10:44052, 0.099845, 62, 4800
1453, 192.168.0.10:43972, 0.113836, 62, 4800
1351, 192.168.0.10:43768, 0.133053, 62, 4800
