3, 192.168.0.4:55362, 0.001167, 0, -1251519110
4, 192.168.0.4:55364, 0.001418, 0, -401871500
4, 192.168.0.4:55364, 0.001847, 0, 639640889
5, 192.168.0.4:55366, 0.001216, 0, 249039384
6, 192.168.0.4:55368, 0.000728, 0, 411217349
7, 192.168.0.4:55370, 0.000821, 0, 322156907
7, 192.168.0.4:55370, 0.000981, 0, -1162458668
7, 192.168.0.4:55370, 0.001074, 0, -1206988889
9, 192.168.0.4:55374, 0.000735, 0, 2067081860
9, 192.168.0.4:55374, 0.000819, 0, 462619517
10, 192.168.0.4:55376, 0.000610, 0, 108576773
8, 192.168.0.4:55372, 0.001433, 0, 145135535
11, 192.168.0.4:55378, 0.000735, 0, 2067081860
12, 192.168.0.4:55380, 0.000619, 0, 1623978674
12, 192.168.0.4:55380, 0.000694, 0, -1495885570
2, 192.168.0.4:55360, 0.005537, 0, 514846320
2, 192.168.0.4:55360, 0.005546, 0, 167400645
1, 192.168.0.4:55358, 0.006331, 0, -550030692
15, 192.168.0.4:55386, 0.001496, 0, -993408756
16, 192.168.0.4:55388, 0.001324, 0, 751516198
14, 192.168.0.4:55384, 0.002055, 0, -1184723779
18, 192.168.0.4:55392, 0.000845, 0, -1363394418
17, 192.168.0.4:55390, 0.001697, 0, -535462163
20, 192.168.0.4:55396, 0.000677, 0, 1845530267
21, 192.168.0.4:55398, 0.000676, 0, -231722076
22, 192.168.0.4:55400, 0.000685, 0, 1283679825
22, 192.168.0.4:55400, 0.000802, 0, -490931942
22, 192.168.0.4:55400, 0.000860, 0, -269380349
19, 192.168.0.4:55394, 0.002120, 0, 1432113895
23, 192.168.0.4:55402, 0.001330, 0, -1606661366
23, 192.168.0.4:55402, 0.001399, 0, -808415924
25, 192.168.0.4:55406, 0.001037, 0, 1166032081
25, 192.168.0.4:55406, 0.001126, 0, 1261964471
24, 192.168.0.4:55404, 0.001521, 0, 1349925401
24, 192.168.0.4:55404, 0.001614, 0, 1305395180
13, 192.168.0.4:55382, 0.005226, 0, -1318314442
26, 192.168.0.4:55408, 0.000375, 0, -1133871366
28, 192.168.0.4:55412, 0.000355, 0, 1675380843
30, 192.168.0.4:55416, 0.000392, 0, 773231552
31, 192.168.0.4:55418, 0.000441, 0, -1814469064
32, 192.168.0.4:55420, 0.000515, 0, 338099826
32, 192.168.0.4:55420, 0.000584, 0, 1934590709
32, 192.168.0.4:55420, 0.000655, 0, -904348314
32, 192.168.0.4:55420, 0.000748, 0, -993408756
34, 192.168.0.4:55424, 0.000698, 0, -1776810790
35, 192.168.0.4:55426, 0.000718, 0, 1113530401
35, 192.168.0.4:55426, 0.000790, 0, 351843721
33, 192.168.0.4:55422, 0.001566, 0, -1304020791
36, 192.168.0.4:55428, 0.000607, 0, -1828212959
27, 192.168.0.4:55410, 0.003006, 0, -165476500
29, 192.168.0.4:55414, 0.002815, 0, -1643769884
37, 192.168.0.4:55430, 0.000349, 0, -1776810790
38, 192.168.0.4:55432, 0.000315, 0, -1296049331
41, 192.168.0.4:55438, 0.000533, 0, -926063668
42, 192.168.0.4:55440, 0.000565, 0, 1121501860
42, 192.168.0.4:55440, 0.000662, 0, 751516198
44, 192.168.0.4:55444, 0.000583, 0, -142661634
43, 192.168.0.4:55442, 0.001069, 0, 42331198
46, 192.168.0.4:55448, 0.000475, 0, 1999736773
40, 192.168.0.4:55436, 0.001868, 0, -1171529639
47, 192.168.0.4:55450, 0.000595, 0, -985437296
47, 192.168.0.4:55450, 0.000687, 0, 1143217215
45, 192.168.0.4:55446, 0.001455, 0, 1520074825
50, 192.168.0.4:55456, 0.000300, 0, 810889825
48, 192.168.0.4:55452, 0.000957, 0, -639366012
48, 192.168.0.4:55452, 0.001015, 0, -208907209
48, 192.168.0.4:55452, 0.001055, 0, -1613533314
49, 192.168.0.4:55454, 0.000891, 0, -299067163
49, 192.168.0.4:55454, 0.000933, 0, 1046185314
39, 192.168.0.4:55434, 0.003185, 0, -623972849
51, 192.168.0.4:55458, 0.000272, 0, 448875622
53, 192.168.0.4:55462, 0.000259, 0, -2020077738
52, 192.168.0.4:55460, 0.000481, 0, 1156961110
52, 192.168.0.4:55460, 0.000539, 0, -1347451500
55, 192.168.0.4:55466, 0.000609, 0, -1968675570
57, 192.168.0.4:55470, 0.000514, 0, -1739152517
58, 192.168.0.4:55472, 0.000486, 0, 454648058
58, 192.168.0.4:55472, 0.000547, 0, -1909301942
59, 192.168.0.4:55474, 0.000604, 0, 529964605
59, 192.168.0.4:55474, 0.000668, 0, 330128366
59, 192.168.0.4:55474, 0.000708, 0, 1815843453
61, 192.168.0.4:55478, 0.000810, 0, -1052782384
60, 192.168.0.4:55476, 0.001090, 0, -1768839331
60, 192.168.0.4:55476, 0.001145, 0, 1668508895
56, 192.168.0.4:55468, 0.001624, 0, -1193244994
56, 192.168.0.4:55468, 0.001678, 0, -942006587
54, 192.168.0.4:55464, 0.002108, 0, -504675837
62, 192.168.0.4:55480, 0.000648, 0, 1734754471
63, 192.168.0.4:55482, 0.001099, 0, 1136345267
66, 192.168.0.4:55488, 0.000734, 0, -10170483
64, 192.168.0.4:55484, 0.001743, 0, -3298535
64, 192.168.0.4:55484, 0.002036, 0, 759487657
68, 192.168.0.4:55492, 0.000798, 0, -210006721
69, 192.168.0.4:55494, 0.000574, 0, -1658063535
70, 192.168.0.4:55496, 0.000559, 0, 1542889692
71, 192.168.0.4:55498, 0.000571, 0, 700114029
72, 192.168.0.4:55500, 0.000481, 0, 1156961110
73, 192.168.0.4:55502, 0.000509, 0, 759487657
67, 192.168.0.4:55490, 0.002715, 0, -2035470901
65, 192.168.0.4:55486, 0.003617, 0, 380980779
74, 192.168.0.4:55504, 0.000455, 0, 514021686
75, 192.168.0.4:55506, 0.000515, 0, 338099826
76, 192.168.0.4:55508, 0.000295, 0, 1513202878
77, 192.168.0.4:55510, 0.000339, 0, -372184686
81, 192.168.0.4:55518, 0.000382, 0, -2117109639
80, 192.168.0.4:55516, 0.000737, 0, 1926619250
82, 192.168.0.4:55520, 0.000635, 0, 500277791
79, 192.168.0.4:55514, 0.001444, 0, 832605180
79, 192.168.0.4:55514, 0.001533, 0, 928537570
83, 192.168.0.4:55522, 0.000801, 0, 1726783011
84, 192.168.0.4:55524, 0.000434, 0, -831230791
78, 192.168.0.4:55512, 0.002096, 0, 1853501727
85, 192.168.0.4:55526, 0.000327, 0, 1313366639
89, 192.168.0.4:55534, 0.000596, 0, 1091815046
90, 192.168.0.4:55536, 0.000859, 0, 1948334604
91, 192.168.0.4:55538, 0.000579, 0, 138263587
91, 192.168.0.4:55538, 0.000704, 0, 2096768674
91, 192.168.0.4:55538, 0.000803, 0, 1586320401
86, 192.168.0.4:55528, 0.002323, 0, 552229715
88, 192.168.0.4:55532, 0.001939, 0, 1703968145
92, 192.168.0.4:55540, 0.000867, 0, 1386484163
93, 192.168.0.4:55542, 0.001033, 0, 1306494692
95, 192.168.0.4:55546, 0.000493, 0, 1883188540
96, 192.168.0.4:55548, 0.000453, 0, 794946907
96, 192.168.0.4:55548, 0.000470, 0, -1592917471
96, 192.168.0.4:55548, 0.000548, 0, 167950401
97, 192.168.0.4:55550, 0.000646, 0, 1875217081
97, 192.168.0.4:55550, 0.000654, 0, 1313366639
97, 192.168.0.4:55550, 0.000759, 0, 381530535
94, 192.168.0.4:55544, 0.001190, 0, -985437296
94, 192.168.0.4:55544, 0.001240, 0, -593736279
87, 192.168.0.4:55530, 0.003782, 0, -905447825
98, 192.168.0.4:55552, 0.000734, 0, -10170483
99, 192.168.0.4:55554, 0.001143, 0, -408743448
102, 192.168.0.4:55560, 0.000744, 0, -712483535
100, 192.168.0.4:55556, 0.001756, 0, -1533543843
100, 192.168.0.4:55556, 0.001793, 0, 388402483
104, 192.168.0.4:55564, 0.000654, 0, 1313366639
104, 192.168.0.4:55564, 0.000729, 0, -1806497604
105, 192.168.0.4:55566, 0.000455, 0, 514021686
106, 192.168.0.4:55568, 0.000334, 0, 330128366
103, 192.168.0.4:55562, 0.001686, 0, -1222931808
107, 192.168.0.4:55570, 0.000633, 0, 640740401
108, 192.168.0.4:55572, 0.000562, 0, -815287872
101, 192.168.0.4:55558, 0.003200, 0, -350469331
109, 192.168.0.4:55574, 0.000570, 0, -1377138314
110, 192.168.0.4:55576, 0.000598, 0, 951352436
112, 192.168.0.4:55580, 0.000579, 0, 138263587
114, 192.168.0.4:55584, 0.000550, 0, 27487791
113, 192.168.0.4:55582, 0.001049, 0, 744644250
115, 192.168.0.4:55586, 0.000981, 0, -1162458668
115, 192.168.0.4:55586, 0.001217, 0, -859818093
117, 192.168.0.4:55590, 0.000816, 0, -1474170215
117, 192.168.0.4:55590, 0.000930, 0, -890604418
117, 192.168.0.4:55590, 0.000985, 0, -1302921279
118, 192.168.0.4:55592, 0.001343, 0, 1158060622
118, 192.168.0.4:55592, 0.001349, 0, -1200116942
119, 192.168.0.4:55594, 0.001035, 0, -911220262
119, 192.168.0.4:55594, 0.001083, 0, 1698195709
120, 192.168.0.4:55596, 0.000871, 0, 1105558942
120, 192.168.0.4:55596, 0.000933, 0, 1046185314
116, 192.168.0.4:55588, 0.002285, 0, 145685291
116, 192.168.0.4:55588, 0.002299, 0, 973617546
111, 192.168.0.4:55578, 0.003574, 0, -1548387250
121, 192.168.0.4:55598, 0.000701, 0, 159978942
123, 192.168.0.4:55602, 0.000934, 0, -1171529639
125, 192.168.0.4:55606, 0.000647, 0, -342497872
126, 192.168.0.4:55608, 0.000608, 0, 249039384
127, 192.168.0.4:55610, 0.000647, 0, -342497872
127, 192.168.0.4:55610, 0.000778, 0, 1194619384
122, 192.168.0.4:55600, 0.002967, 0, -17592186
130, 192.168.0.4:55616, 0.000493, 0, 1883188540
130, 192.168.0.4:55616, 0.000578, 0, -1938988756
130, 192.168.0.4:55616, 0.000614, 0, -172348448
129, 192.168.0.4:55614, 0.001183, 0, -1813369552
129, 192.168.0.4:55614, 0.001282, 0, 78889959
129, 192.168.0.4:55614, 0.001366, 0, 1424142436
128, 192.168.0.4:55612, 0.001637, 0, 1571476994
128, 192.168.0.4:55612, 0.001773, 0, 1090715535
131, 192.168.0.4:55618, 0.001069, 0, 42331198
124, 192.168.0.4:55604, 0.003663, 0, 647062593
132, 192.168.0.4:55620, 0.000594, 0, 1232277657
133, 192.168.0.4:55622, 0.001264, 0, -1436511942
134, 192.168.0.4:55624, 0.001311, 0, -2013205790
137, 192.168.0.4:55630, 0.000310, 0, -593736279
136, 192.168.0.4:55628, 0.001309, 0, 204509163
136, 192.168.0.4:55628, 0.001482, 0, 1645694029
138, 192.168.0.4:55632, 0.000703, 0, 19516331
138, 192.168.0.4:55632, 0.000775, 0, -742170349
140, 192.168.0.4:55636, 0.000346, 0, -1355422959
141, 192.168.0.4:55638, 0.000552, 0, -112974820
142, 192.168.0.4:55640, 0.000468, 0, -1311992250
142, 192.168.0.4:55640, 0.000546, 0, 308413012
139, 192.168.0.4:55634, 0.001397, 0, 1409299029
135, 192.168.0.4:55626, 0.003268, 0, 603082128
143, 192.168.0.4:55642, 0.000491, 0, 2023651151
144, 192.168.0.4:55644, 0.000538, 0, 870263453
148, 192.168.0.4:55652, 0.000611, 0, -2109138180
147, 192.168.0.4:55650, 0.000986, 0, 1883188540
149, 192.168.0.4:55654, 0.000851, 0, -1784782250
149, 192.168.0.4:55654, 0.000960, 0, 1297423721
149, 192.168.0.4:55654, 0.001039, 0, -1051682872
146, 192.168.0.4:55648, 0.001770, 0, 122320669
151, 192.168.0.4:55658, 0.000874, 0, -1252618622
150, 192.168.0.4:55656, 0.001239, 0, 515121198
150, 192.168.0.4:55656, 0.001312, 0, 1172904029
152, 192.168.0.4:55660, 0.000766, 0, 2037395046
154, 192.168.0.4:55664, 0.000481, 0, 1156961110
153, 192.168.0.4:55662, 0.000912, 0, 373559076
145, 192.168.0.4:55646, 0.003295, 0, -1481591918
155, 192.168.0.4:55666, 0.000548, 0, 167950401
156, 192.168.0.4:55668, 0.000596, 0, 1091815046
159, 192.168.0.4:55674, 0.000369, 0, -291095703
158, 192.168.0.4:55672, 0.000840, 0, 1135245756
160, 192.168.0.4:55676, 0.001306, 0, -763885703
160, 192.168.0.4:55676, 0.001512, 0, -1555259197
165, 192.168.0.4:55686, 0.000291, 0, 2075053320
164, 192.168.0.4:55684, 0.000626, 0, -1015124110
164, 192.168.0.4:55684, 0.000734, 0, -10170483
161, 192.168.0.4:55678, 0.002157, 0, -1901880238
163, 192.168.0.4:55682, 0.001417, 0, 706985977
163, 192.168.0.4:55682, 0.001542, 0, -461245128
163, 192.168.0.4:55682, 0.001587, 0, 1179775977
166, 192.168.0.4:55688, 0.001027, 0, -630295041
162, 192.168.0.4:55680, 0.002160, 0, 729800843
162, 192.168.0.4:55680, 0.002219, 0, -1916723645
157, 192.168.0.4:55670, 0.003754, 0, 1733654959
167, 192.168.0.4:55690, 0.000703, 0, 19516331
168, 192.168.0.4:55692, 0.001200, 0, 810889825
171, 192.168.0.4:55698, 0.000902, 0, 1075872128
169, 192.168.0.4:55694, 0.001991, 0, -61022895
169, 192.168.0.4:55694, 0.002257, 0, -1510179221
169, 192.168.0.4:55694, 0.002463, 0, 241617680
173, 192.168.0.4:55702, 0.001002, 0, 1321338099
173, 192.168.0.4:55702, 0.001018, 0, 759487657
173, 192.168.0.4:55702, 0.001024, 0, -1598689907
174, 192.168.0.4:55704, 0.001285, 0, 1047284825
175, 192.168.0.4:55706, 0.001053, 0, 604181639
177, 192.168.0.4:55710, 0.000692, 0, -1355422959
177, 192.168.0.4:55710, 0.000775, 0, -742170349
176, 192.168.0.4:55708, 0.001166, 0, -142661634
176, 192.168.0.4:55708, 0.001248, 0, -874661500
172, 192.168.0.4:55700, 0.003221, 0, 891429052
172, 192.168.0.4:55700, 0.003250, 0, 1992864825
170, 192.168.0.4:55696, 0.004193, 0, -571196291
178, 192.168.0.4:55712, 0.000704, 0, 2096768674
179, 192.168.0.4:55714, 0.000919, 0, 2029423587
180, 192.168.0.4:55716, 0.000898, 0, 1356797349
180, 192.168.0.4:55716, 0.000971, 0, -1622604285
182, 192.168.0.4:55720, 0.000662, 0, 751516198
182, 192.168.0.4:55720, 0.000750, 0, -1133871366
184, 192.168.0.4:55724, 0.000583, 0, -142661634
184, 192.168.0.4:55724, 0.000656, 0, 1172904029
184, 192.168.0.4:55724, 0.000732, 0, 130292128
186, 192.168.0.4:55728, 0.000610, 0, 108576773
186, 192.168.0.4:55728, 0.000687, 0, 1143217215
185, 192.168.0.4:55726, 0.000983, 0, 914793674
183, 192.168.0.4:55722, 0.001390, 0, 581366773
181, 192.168.0.4:55718, 0.001961, 0, -608029930
187, 192.168.0.4:55730, 0.000635, 0, 500277791
189, 192.168.0.4:55734, 0.000951, 0, -217978180
189, 192.168.0.4:55734, 0.001201, 0, -297967651
191, 192.168.0.4:55738, 0.001044, 0, 1993964337
191, 192.168.0.4:55738, 0.001263, 0, -327654465
192, 192.168.0.4:55740, 0.000846, 0, 713857924
193, 192.168.0.4:55742, 0.000480, 0, 1297423721
188, 192.168.0.4:55732, 0.003127, 0, 1468122901
194, 192.168.0.4:55744, 0.000801, 0, 1726783011
196, 192.168.0.4:55748, 0.000508, 0, -1317764686
197, 192.168.0.4:55750, 0.000439, 0, -1533543843
197, 192.168.0.4:55750, 0.000456, 0, 373559076
195, 192.168.0.4:55746, 0.001014, 0, 899950267
195, 192.168.0.4:55746, 0.001030, 0, 338099826
190, 192.168.0.4:55736, 0.003619, 0, -727876698
198, 192.168.0.4:55752, 0.000515, 0, 338099826
199, 192.168.0.4:55754, 0.000849, 0, -1644319639
202, 192.168.0.4:55760, 0.000343, 0, -934035128
200, 192.168.0.4:55756, 0.001057, 0, 463719029
200, 192.168.0.4:55756, 0.001102, 0, 2104740133
203, 192.168.0.4:55762, 0.000380, 0, -1836184418
204, 192.168.0.4:55764, 0.000295, 0, 1513202878
207, 192.168.0.4:55770, 0.000157, 0, -1155586721
207, 192.168.0.4:55770, 0.000227, 0, 654484296
205, 192.168.0.4:55766, 0.000642, 0, -2138824994
209, 192.168.0.4:55774, 0.000274, 0, 167950401
208, 192.168.0.4:55772, 0.000541, 0, -1487914110
208, 192.168.0.4:55772, 0.000602, 0, 670427215
206, 192.168.0.4:55768, 0.000883, 0, 262783279
201, 192.168.0.4:55758, 0.002130, 0, 182793808
210, 192.168.0.4:55776, 0.000879, 0, 543708500
211, 192.168.0.4:55778, 0.001450, 0, -1525572384
211, 192.168.0.4:55778, 0.001724, 0, -409842959
212, 192.168.0.4:55780, 0.001821, 0, -594835791
214, 192.168.0.4:55784, 0.001250, 0, 1202590843
215, 192.168.0.4:55786, 0.000795, 0, -2146796453
216, 192.168.0.4:55788, 0.000337, 0, -91259465
218, 192.168.0.4:55792, 0.000410, 0, -1755095436
218, 192.168.0.4:55792, 0.000420, 0, 1135245756
220, 192.168.0.4:55796, 0.000336, 0, 49203145
220, 192.168.0.4:55796, 0.000429, 0, -128917738
219, 192.168.0.4:55794, 0.000571, 0, 700114029
219, 192.168.0.4:55794, 0.000598, 0, 951352436
217, 192.168.0.4:55790, 0.001174, 0, -423586855
217, 192.168.0.4:55790, 0.001235, 0, 655583808
213, 192.168.0.4:55782, 0.003402, 0, -675924773
221, 192.168.0.4:55798, 0.000346, 0, -1355422959
222, 192.168.0.4:55800, 0.000556, 0, -393900041
224, 192.168.0.4:55804, 0.000349, 0, -1776810790
227, 192.168.0.4:55810, 0.000437, 0, -1252618622
228, 192.168.0.4:55812, 0.000515, 0, 338099826
225, 192.168.0.4:55806, 0.001414, 0, -261408890
229, 192.168.0.4:55814, 0.000584, 0, 1934590709
226, 192.168.0.4:55808, 0.001533, 0, 928537570
223, 192.168.0.4:55802, 0.002320, 0, -2079451366
230, 192.168.0.4:55816, 0.000669, 0, -1887586587
231, 192.168.0.4:55818, 0.000286, 0, -1517600924
232, 192.168.0.4:55820, 0.000455, 0, 514021686
232, 192.168.0.4:55820, 0.000538, 0, 870263453
233, 192.168.0.4:55822, 0.000557, 0, 1683352302
233, 192.168.0.4:55822, 0.000652, 0, 1453829250
235, 192.168.0.4:55826, 0.000323, 0, 1875217081
236, 192.168.0.4:55828, 0.000556, 0, -393900041
238, 192.168.0.4:55832, 0.000347, 0, -1495885570
239, 192.168.0.4:55834, 0.000445, 0, 1918647790
237, 192.168.0.4:55830, 0.000865, 0, 1526946773
241, 192.168.0.4:55838, 0.000421, 0, 994783145
240, 192.168.0.4:55836, 0.000826, 0, 2118484029
240, 192.168.0.4:55836, 0.001042, 0, -83288006
240, 192.168.0.4:55836, 0.001111, 0, 714957436
242, 192.168.0.4:55840, 0.000988, 0, -334526413
234, 192.168.0.4:55824, 0.002923, 0, -1392531477
243, 192.168.0.4:55842, 0.000655, 0, -904348314
244, 192.168.0.4:55844, 0.001058, 0, -645138448
245, 192.168.0.4:55846, 0.001034, 0, 197637215
245, 192.168.0.4:55846, 0.001243, 0, 374658587
247, 192.168.0.4:55850, 0.001173, 0, 685270622
247, 192.168.0.4:55850, 0.001295, 0, -1451355349
247, 192.168.0.4:55850, 0.001368, 0, -793572517
248, 192.168.0.4:55852, 0.001240, 0, -593736279
249, 192.168.0.4:55854, 0.001309, 0, 204509163
252, 192.168.0.4:55860, 0.000677, 0, 1845530267
250, 192.168.0.4:55856, 0.001523, 0, -867789552
250, 192.168.0.4:55856, 0.001529, 0, 1069000180
251, 192.168.0.4:55858, 0.001288, 0, 2015679692
251, 192.168.0.4:55858, 0.001352, 0, -231722076
253, 192.168.0.4:55862, 0.000762, 0, -1976647029
246, 192.168.0.4:55848, 0.003425, 0, -542883866
254, 192.168.0.4:55864, 0.000365, 0, 270754738
255, 192.168.0.4:55866, 0.000386, 0, 1616007215
257, 192.168.0.4:55870, 0.000189, 0, -1555259197
258, 192.168.0.4:55872, 0.000279, 0, -534362651
260, 192.168.0.4:55876, 0.000363, 0, 551679959
262, 192.168.0.4:55880, 0.000218, 0, -1112156011
261, 192.168.0.4:55878, 0.000393, 0, 632768942
261, 192.168.0.4:55878, 0.000453, 0, 794946907
261, 192.168.0.4:55878, 0.000503, 0, 1180875488
259, 192.168.0.4:55874, 0.000946, 0, -2014305302
259, 192.168.0.4:55874, 0.001002, 0, 1321338099
256, 192.168.0.4:55868, 0.001497, 0, -2102266232
263, 192.168.0.4:55882, 0.000482, 0, 1016498500
264, 192.168.0.4:55884, 0.000776, 0, 1335081994
268, 192.168.0.4:55892, 0.000834, 0, 1556633587
268, 192.168.0.4:55892, 0.000995, 0, 493405843
266, 192.168.0.4:55888, 0.001542, 0, -461245128
269, 192.168.0.4:55894, 0.000882, 0, -1814469064
270, 192.168.0.4:55896, 0.000734, 0, -10170483
271, 192.168.0.4:55898, 0.000588, 0, 1653665488
271, 192.168.0.4:55898, 0.000689, 0, 1002754605
271, 192.168.0.4:55898, 0.000730, 0, 270754738
274, 192.168.0.4:55904, 0.000441, 0, -1814469064
273, 192.168.0.4:55902, 0.000800, 0, -350469331
273, 192.168.0.4:55902, 0.000876, 0, -1393081232
273, 192.168.0.4:55902, 0.000936, 0, -1311992250
267, 192.168.0.4:55890, 0.002913, 0, -143211390
267, 192.168.0.4:55890, 0.002973, 0, 950802680
265, 192.168.0.4:55886, 0.003676, 0, 2029423587
272, 192.168.0.4:55900, 0.001558, 0, -1023095570
275, 192.168.0.4:55906, 0.000770, 0, 1756469825
277, 192.168.0.4:55910, 0.000743, 0, 1505231418
276, 192.168.0.4:55908, 0.002013, 0, 626446750
279, 192.168.0.4:55914, 0.001141, 0, 1808971506
279, 192.168.0.4:55914, 0.001232, 0, -312811058
282, 192.168.0.4:55920, 0.000229, 0, 92633855
281, 192.168.0.4:55918, 0.000669, 0, -1887586587
281, 192.168.0.4:55918, 0.000750, 0, -1133871366
283, 192.168.0.4:55922, 0.000460, 0, -188291366
283, 192.168.0.4:55922, 0.000538, 0, 870263453
285, 192.168.0.4:55926, 0.000392, 0, 773231552
284, 192.168.0.4:55924, 0.000722, 0, 832605180
280, 192.168.0.4:55916, 0.001845, 0, -1437611453
280, 192.168.0.4:55916, 0.001910, 0, -498903401
278, 192.168.0.4:55912, 0.002988, 0, 1224306198
286, 192.168.0.4:55928, 0.000691, 0, 862291994
287, 192.168.0.4:55930, 0.001109, 0, -1362294907
290, 192.168.0.4:55936, 0.000752, 0, -1274333977
290, 192.168.0.4:55936, 0.000996, 0, -615451634
288, 192.168.0.4:55932, 0.002079, 0, -1606111610
288, 192.168.0.4:55932, 0.002131, 0, -371634930
288, 192.168.0.4:55932, 0.002174, 0, 1557733099
293, 192.168.0.4:55942, 0.000248, 0, -474989023
291, 192.168.0.4:55938, 0.001422, 0, -542334110
294, 192.168.0.4:55944, 0.000397, 0, 70918500
292, 192.168.0.4:55940, 0.001072, 0, 1010726064
292, 192.168.0.4:55940, 0.001192, 0, 1091815046
295, 192.168.0.4:55946, 0.000692, 0, -1355422959
296, 192.168.0.4:55948, 0.000507, 0, 899950267
289, 192.168.0.4:55934, 0.003086, 0, -1570102604
297, 192.168.0.4:55950, 0.000692, 0, -1355422959
298, 192.168.0.4:55952, 0.001148, 0, -1658063535
301, 192.168.0.4:55958, 0.000533, 0, -926063668
299, 192.168.0.4:55954, 0.001456, 0, 411217349
299, 192.168.0.4:55954, 0.001550, 0, -742170349
304, 192.168.0.4:55964, 0.000165, 0, 891978808
303, 192.168.0.4:55962, 0.000598, 0, 951352436
305, 192.168.0.4:55966, 0.000623, 0, 1343053453
305, 192.168.0.4:55966, 0.000636, 0, -1717437163
305, 192.168.0.4:55966, 0.000642, 0, -2138824994
307, 192.168.0.4:55970, 0.000643, 0, -61572651
307, 192.168.0.4:55970, 0.000707, 0, -261408890
307, 192.168.0.4:55970, 0.000730, 0, 270754738
307, 192.168.0.4:55970, 0.000734, 0, -10170483
308, 192.168.0.4:55972, 0.000888, 0, 2059110401
306, 192.168.0.4:55968, 0.001269, 0, 1609135267
306, 192.168.0.4:55968, 0.001326, 0, -1466198756
302, 192.168.0.4:55960, 0.002293, 0, 5222680
310, 192.168.0.4:55976, 0.000551, 0, 2104740133
311, 192.168.0.4:55978, 0.001066, 0, -926063668
312, 192.168.0.4:55980, 0.000948, 0, 2140199383
312, 192.168.0.4:55980, 0.001026, 0, 478562436
315, 192.168.0.4:55986, 0.000508, 0, -1317764686
314, 192.168.0.4:55984, 0.000799, 0, 1867245622
313, 192.168.0.4:55982, 0.001181, 0, 404345401
313, 192.168.0.4:55982, 0.001230, 0, 1904903895
317, 192.168.0.4:55990, 0.000472, 0, -1873842692
316, 192.168.0.4:55988, 0.001071, 0, 2119583540
319, 192.168.0.4:55994, 0.000690, 0, -1214960349
319, 192.168.0.4:55994, 0.000776, 0, 1335081994
320, 192.168.0.4:55996, 0.000809, 0, 1164932570
320, 192.168.0.4:55996, 0.000875, 0, 824633721
320, 192.168.0.4:55996, 0.000918, 0, -47828756
321, 192.168.0.4:55998, 0.000761, 0, 241067924
321, 192.168.0.4:55998, 0.000823, 0, 181694296
318, 192.168.0.4:55992, 0.001428, 0, 1394455622
318, 192.168.0.4:55992, 0.001495, 0, 115448721
309, 192.168.0.4:55974, 0.003715, 0, 1881539273
322, 192.168.0.4:56000, 0.000874, 0, -1252618622
324, 192.168.0.4:56004, 0.000758, 0, -1695721808
323, 192.168.0.4:56002, 0.001957, 0, 1609685023
326, 192.168.0.4:56008, 0.000839, 0, -942006587
326, 192.168.0.4:56008, 0.000924, 0, -469216587
328, 192.168.0.4:56012, 0.000488, 0, 173722837
330, 192.168.0.4:56016, 0.000416, 0, 1697096197
332, 192.168.0.4:56020, 0.000370, 0, -431558314
329, 192.168.0.4:56014, 0.000888, 0, 2059110401
331, 192.168.0.4:56018, 0.001006, 0, 1180875488
327, 192.168.0.4:56010, 0.001823, 0, 1482416552
325, 192.168.0.4:56006, 0.002786, 0, 1549761639
333, 192.168.0.4:56022, 0.000533, 0, -926063668
334, 192.168.0.4:56024, 0.000750, 0, -1133871366
335, 192.168.0.4:56026, 0.000676, 0, -231722076
335, 192.168.0.4:56026, 0.000787, 0, -1584946011
339, 192.168.0.4:56034, 0.000240, 0, 1297423721
340, 192.168.0.4:56036, 0.000405, 0, -1052782384
341, 192.168.0.4:56038, 0.000584, 0, 1934590709
341, 192.168.0.4:56038, 0.000700, 0, -1917273401
337, 192.168.0.4:56030, 0.002164, 0, -1487914110
342, 192.168.0.4:56040, 0.001240, 0, -593736279
344, 192.168.0.4:56044, 0.000936, 0, -1311992250
344, 192.168.0.4:56044, 0.001058, 0, -645138448
338, 192.168.0.4:56032, 0.002802, 0, 1268836418
343, 192.168.0.4:56042, 0.001859, 0, 218253058
345, 192.168.0.4:56046, 0.001463, 0, 1239149605
347, 192.168.0.4:56050, 0.001097, 0, -940907075
347, 192.168.0.4:56050, 0.001173, 0, 685270622
346, 192.168.0.4:56048, 0.001582, 0, -1865871232
336, 192.168.0.4:56028, 0.004360, 0, -1768839331
348, 192.168.0.4:56052, 0.000513, 0, 478562436
349, 192.168.0.4:56054, 0.000786, 0, 632768942
350, 192.168.0.4:56056, 0.000847, 0, -1503857029
350, 192.168.0.4:56056, 0.001111, 0, 714957436
354, 192.168.0.4:56064, 0.000517, 0, 197637215
353, 192.168.0.4:56062, 0.001554, 0, -882632959
356, 192.168.0.4:56068, 0.000964, 0, 1016498500
352, 192.168.0.4:56060, 0.002819, 0, 433482459
355, 192.168.0.4:56066, 0.001897, 0, 1031341907
355, 192.168.0.4:56066, 0.001976, 0, -334526413
357, 192.168.0.4:56070, 0.001311, 0, -2013205790
357, 192.168.0.4:56070, 0.001410, 0, -120946279
357, 192.168.0.4:56070, 0.001457, 0, -697640128
359, 192.168.0.4:56074, 0.000984, 0, -194063802
359, 192.168.0.4:56074, 0.000991, 0, 633868453
361, 192.168.0.4:56078, 0.000486, 0, 454648058
361, 192.168.0.4:56078, 0.000551, 0, 2104740133
360, 192.168.0.4:56076, 0.000912, 0, 373559076
358, 192.168.0.4:56072, 0.001685, 0, -114074331
351, 192.168.0.4:56058, 0.004526, 0, -541784355
362, 192.168.0.4:56080, 0.000309, 0, -453273669
363, 192.168.0.4:56082, 0.000420, 0, 1135245756
364, 192.168.0.4:56084, 0.000222, 0, 2059110401
365, 192.168.0.4:56086, 0.000399, 0, -210006721
367, 192.168.0.4:56090, 0.000205, 0, -1755095436
366, 192.168.0.4:56088, 0.000480, 0, 1297423721
372, 192.168.0.4:56100, 0.000221, 0, -1954931674
370, 192.168.0.4:56096, 0.000576, 0, -1798526145
371, 192.168.0.4:56098, 0.000549, 0, -2049764552
368, 192.168.0.4:56092, 0.001247, 0, 234195977
368, 192.168.0.4:56092, 0.001333, 0, -638266500
373, 192.168.0.4:56102, 0.000969, 0, -1482141674
373, 192.168.0.4:56102, 0.000992, 0, -474989023
369, 192.168.0.4:56094, 0.001536, 0, 1896932436
374, 192.168.0.4:56104, 0.000487, 0, 314185448
376, 192.168.0.4:56108, 0.000669, 0, -1887586587
376, 192.168.0.4:56108, 0.000956, 0, 1578348942
378, 192.168.0.4:56112, 0.000774, 0, 1475544604
375, 192.168.0.4:56106, 0.002059, 0, 892528564
380, 192.168.0.4:56116, 0.001080, 0, 729800843
380, 192.168.0.4:56116, 0.001118, 0, 1542889692
380, 192.168.0.4:56116, 0.001395, 0, -667953314
381, 192.168.0.4:56118, 0.001401, 0, 1268836418
381, 192.168.0.4:56118, 0.001598, 0, 1867245622
381, 192.168.0.4:56118, 0.001634, 0, 603082128
384, 192.168.0.4:56124, 0.000678, 0, -372184686
384, 192.168.0.4:56124, 0.000749, 0, 1083843587
383, 192.168.0.4:56122, 0.001430, 0, -823259331
383, 192.168.0.4:56122, 0.001504, 0, -1274333977
383, 192.168.0.4:56122, 0.001590, 0, -2146796453
379, 192.168.0.4:56114, 0.003068, 0, -180319907
379, 192.168.0.4:56114, 0.003135, 0, 1327660291
379, 192.168.0.4:56114, 0.003176, 0, 70918500
382, 192.168.0.4:56120, 0.002340, 0, -283124244
377, 192.168.0.4:56110, 0.004318, 0, 1284229581
385, 192.168.0.4:56126, 0.000628, 0, -1155586721
386, 192.168.0.4:56128, 0.000943, 0, 343872262
387, 192.168.0.4:56130, 0.000909, 0, -1563230657
389, 192.168.0.4:56134, 0.000586, 0, 1794128099
389, 192.168.0.4:56134, 0.000732, 0, 130292128
391, 192.168.0.4:56138, 0.000440, 0, -1674006453
391, 192.168.0.4:56138, 0.000565, 0, 1121501860
392, 192.168.0.4:56140, 0.000628, 0, -1155586721
392, 192.168.0.4:56140, 0.000722, 0, 832605180
393, 192.168.0.4:56142, 0.001006, 0, 1180875488
394, 192.168.0.4:56144, 0.000935, 0, 905722703
390, 192.168.0.4:56136, 0.002232, 0, -534362651
390, 192.168.0.4:56136, 0.002311, 0, -1384560017
388, 192.168.0.4:56132, 0.002860, 0, -823259331
395, 192.168.0.4:56146, 0.000422, 0, 854320535
396, 192.168.0.4:56148, 0.000672, 0, 49203145
397, 192.168.0.4:56150, 0.000751, 0, 943380977
397, 192.168.0.4:56150, 0.000896, 0, 1497259959
399, 192.168.0.4:56154, 0.000533, 0, -926063668
401, 192.168.0.4:56158, 0.000836, 0, 1416170977
404, 192.168.0.4:56164, 0.000750, 0, -1133871366
402, 192.168.0.4:56160, 0.001514, 0, 521993145
402, 192.168.0.4:56160, 0.001761, 0, 1512103366
403, 192.168.0.4:56162, 0.001674, 0, -801543977
403, 192.168.0.4:56162, 0.001730, 0, 1526946773
403, 192.168.0.4:56162, 0.001783, 0, -1407924639
406, 192.168.0.4:56168, 0.000969, 0, -1482141674
406, 192.168.0.4:56168, 0.001089, 0, -659981855
405, 192.168.0.4:56166, 0.001662, 0, -380156145
400, 192.168.0.4:56156, 0.003240, 0, -1052782384
400, 192.168.0.4:56156, 0.003352, 0, 1275708366
398, 192.168.0.4:56152, 0.004124, 0, -770757651
407, 192.168.0.4:56170, 0.000700, 0, -1917273401
408, 192.168.0.4:56172, 0.000998, 0, 1461800709
408, 192.168.0.4:56172, 0.001200, 0, 810889825
409, 192.168.0.4:56174, 0.001383, 0, -246565483
409, 192.168.0.4:56174, 0.001577, 0, -616551145
413, 192.168.0.4:56182, 0.000544, 0, 448875622
411, 192.168.0.4:56178, 0.001515, 0, -586864331
411, 192.168.0.4:56178, 0.001692, 0, 713857924
414, 192.168.0.4:56184, 0.000828, 0, 1978021418
412, 192.168.0.4:56180, 0.001727, 0, 558551907
415, 192.168.0.4:56186, 0.000957, 0, -639366012
415, 192.168.0.4:56186, 0.001029, 0, 1446957302
417, 192.168.0.4:56190, 0.000810, 0, -1052782384
416, 192.168.0.4:56188, 0.001255, 0, -46729244
410, 192.168.0.4:56176, 0.003419, 0, -1511278732
418, 192.168.0.4:56192, 0.000500, 0, -755914244
420, 192.168.0.4:56196, 0.000372, 0, -712483535
419, 192.168.0.4:56194, 0.000776, 0, 1335081994
424, 192.168.0.4:56204, 0.000332, 0, 611053587
423, 192.168.0.4:56202, 0.000722, 0, 832605180
426, 192.168.0.4:56208, 0.000947, 0, 62947041
425, 192.168.0.4:56206, 0.001700, 0, 432932703
425, 192.168.0.4:56206, 0.001819, 0, 1622879163
422, 192.168.0.4:56200, 0.002357, 0, -1118478203
429, 192.168.0.4:56214, 0.000575, 0, 419188808
429, 192.168.0.4:56214, 0.000583, 0, -142661634
427, 192.168.0.4:56210, 0.001540, 0, 1756469825
421, 192.168.0.4:56198, 0.003208, 0, -490931942
428, 192.168.0.4:56212, 0.001633, 0, 1711939604
430, 192.168.0.4:56216, 0.000945, 0, 203409651
431, 192.168.0.4:56218, 0.000621, 0, 1483516064
432, 192.168.0.4:56220, 0.000668, 0, 330128366
433, 192.168.0.4:56222, 0.000923, 0, 1748498366
434, 192.168.0.4:56224, 0.001433, 0, 145135535
436, 192.168.0.4:56228, 0.001108, 0, -253437430
436, 192.168.0.4:56228, 0.001212, 0, 389501994
438, 192.168.0.4:56232, 0.000928, 0, -750141808
438, 192.168.0.4:56232, 0.001002, 0, 1321338099
440, 192.168.0.4:56236, 0.000645, 0, -202035262
439, 192.168.0.4:56234, 0.001324, 0, 751516198
437, 192.168.0.4:56230, 0.002363, 0, -150083337
442, 192.168.0.4:56240, 0.000938, 0, -1452454860
441, 192.168.0.4:56238, 0.001375, 0, 34359738
443, 192.168.0.4:56242, 0.000902, 0, 1075872128
443, 192.168.0.4:56242, 0.001006, 0, 1180875488
435, 192.168.0.4:56226, 0.003658, 0, -875761012
444, 192.168.0.4:56244, 0.000816, 0, -1474170215
445, 192.168.0.4:56246, 0.001241, 0, -1702593756
446, 192.168.0.4:56248, 0.001252, 0, -1015124110
448, 192.168.0.4:56252, 0.001142, 0, 700114029
448, 192.168.0.4:56252, 0.001272, 0, -1717437163
451, 192.168.0.4:56258, 0.000704, 0, 2096768674
451, 192.168.0.4:56258, 0.000889, 0, -158604552
452, 192.168.0.4:56260, 0.000856, 0, 11544872
452, 192.168.0.4:56260, 0.001026, 0, 478562436
450, 192.168.0.4:56256, 0.001742, 0, 1105558942
454, 192.168.0.4:56264, 0.000997, 0, -1724309110
453, 192.168.0.4:56262, 0.001442, 0, -1244647163
449, 192.168.0.4:56254, 0.003315, 0, 314735203
447, 192.168.0.4:56250, 0.004208, 0, 1713039116
455, 192.168.0.4:56266, 0.000540, 0, 729800843
456, 192.168.0.4:56268, 0.000809, 0, 1164932570
456, 192.168.0.4:56268, 0.000985, 0, -1302921279
459, 192.168.0.4:56274, 0.001025, 0, 1587419913
459, 192.168.0.4:56274, 0.001208, 0, 529964605
459, 192.168.0.4:56274, 0.001239, 0, 515121198
461, 192.168.0.4:56278, 0.001012, 0, -1177302075
461, 192.168.0.4:56278, 0.001090, 0, -1768839331
462, 192.168.0.4:56280, 0.000661, 0, -1325736145
460, 192.168.0.4:56276, 0.001940, 0, 595110669
463, 192.168.0.4:56282, 0.000582, 0, 2075053320
457, 192.168.0.4:56270, 0.003360, 0, 1135245756
464, 192.168.0.4:56284, 0.000662, 0, 751516198
464, 192.168.0.4:56284, 0.000705, 0, -120946279
465, 192.168.0.4:56286, 0.000551, 0, 2104740133
458, 192.168.0.4:56272, 0.003540, 0, 122320669
466, 192.168.0.4:56288, 0.000723, 0, -1385109773
467, 192.168.0.4:56290, 0.001088, 0, 448875622
467, 192.168.0.4:56290, 0.001379, 0, -106102872
470, 192.168.0.4:56296, 0.001223, 0, 1076971639
470, 192.168.0.4:56296, 0.001542, 0, -461245128
472, 192.168.0.4:56300, 0.001179, 0, -1672906942
473, 192.168.0.4:56302, 0.000620, 0, -593736279
474, 192.168.0.4:56304, 0.000309, 0, -453273669
475, 192.168.0.4:56306, 0.000311, 0, -734198889
476, 192.168.0.4:56308, 0.000336, 0, 49203145
477, 192.168.0.4:56310, 0.000462, 0, -469216587
478, 192.168.0.4:56312, 0.000538, 0, 870263453
471, 192.168.0.4:56298, 0.003517, 0, -10720238
469, 192.168.0.4:56294, 0.004552, 0, 840576639
481, 192.168.0.4:56318, 0.000265, 0, 1432113895
483, 192.168.0.4:56322, 0.000253, 0, -1177302075
484, 192.168.0.4:56324, 0.000336, 0, 49203145
482, 192.168.0.4:56320, 0.000876, 0, -1393081232
480, 192.168.0.4:56316, 0.001239, 0, 515121198
479, 192.168.0.4:56314, 0.001352, 0, -231722076
485, 192.168.0.4:56326, 0.000324, 0, 1734754471
486, 192.168.0.4:56328, 0.000355, 0, 1675380843
487, 192.168.0.4:56330, 0.000193, 0, 1616007215
488, 192.168.0.4:56332, 0.000314, 0, -1155586721
489, 192.168.0.4:56334, 0.000325, 0, 1594291860
490, 192.168.0.4:56336, 0.000280, 0, -674825262
490, 192.168.0.4:56336, 0.000331, 0, 751516198
494, 192.168.0.4:56344, 0.000223, 0, 1778185180
493, 192.168.0.4:56342, 0.000377, 0, -1414796587
493, 192.168.0.4:56342, 0.000426, 0, 292470093
493, 192.168.0.4:56342, 0.000495, 0, 1742725930
492, 192.168.0.4:56340, 0.000617, 0, 1764441285
496, 192.168.0.4:56348, 0.000455, 0, 514021686
495, 192.168.0.4:56346, 0.000761, 0, 241067924
495, 192.168.0.4:56346, 0.000854, 0, 152007483
497, 192.168.0.4:56350, 0.000685, 0, 1283679825
497, 192.168.0.4:56350, 0.000779, 0, -1023095570
497, 192.168.0.4:56350, 0.000835, 0, -661081366
491, 192.168.0.4:56338, 0.001637, 0, 1571476994
501, 192.168.0.4:56358, 0.000131, 0, 1853501727
500, 192.168.0.4:56356, 0.000427, 0, 152007483
500, 192.168.0.4:56356, 0.000504, 0, -1036839465
500, 192.168.0.4:56356, 0.000543, 0, -1628376721
499, 192.168.0.4:56354, 0.000962, 0, 1156961110
502, 192.168.0.4:56360, 0.000833, 0, -520618756
502, 192.168.0.4:56360, 0.000886, 0, -2095394285
503, 192.168.0.4:56362, 0.000794, 0, 70918500
498, 192.168.0.4:56352, 0.001369, 0, -1902429994
504, 192.168.0.4:56364, 0.000357, 0, 1394455622
505, 192.168.0.4:56366, 0.000554, 0, -253437430
507, 192.168.0.4:56370, 0.000387, 0, 1475544604
510, 192.168.0.4:56376, 0.000309, 0, -453273669
510, 192.168.0.4:56376, 0.000379, 0, -1695721808
508, 192.168.0.4:56372, 0.000674, 0, -91259465
509, 192.168.0.4:56374, 0.000619, 0, 1623978674
509, 192.168.0.4:56374, 0.000669, 0, -1887586587
512, 192.168.0.4:56380, 0.000473, 0, -2014305302
512, 192.168.0.4:56380, 0.000528, 0, 1572576506
513, 192.168.0.4:56382, 0.000387, 0, 1475544604
513, 192.168.0.4:56382, 0.000447, 0, 1637722570
511, 192.168.0.4:56378, 0.001065, 0, 182793808
506, 192.168.0.4:56368, 0.001687, 0, 1963178011
519, 192.168.0.4:56394, 0.000160, 0, -1998362383
468, 192.168.0.4:56292, 3.215516, 0, 1943936558
516, 192.168.0.4:56388, 0.000701, 0, 159978942
518, 192.168.0.4:56392, 0.000631, 0, 781203012
518, 192.168.0.4:56392, 0.000698, 0, -1776810790
518, 192.168.0.4:56392, 0.000765, 0, -39857297
517, 192.168.0.4:56390, 0.000962, 0, 1156961110
517, 192.168.0.4:56390, 0.001025, 0, 1587419913
517, 192.168.0.4:56390, 0.001040, 0, 2134426947
515, 192.168.0.4:56386, 0.001369, 0, -1902429994
515, 192.168.0.4:56386, 0.001425, 0, 426060756
514, 192.168.0.4:56384, 0.001502, 0, 943380977
522, 192.168.0.4:56400, 0.000392, 0, 773231552
525, 192.168.0.4:56406, 0.000269, 0, 870263453
524, 192.168.0.4:56404, 0.000504, 0, -1036839465
524, 192.168.0.4:56404, 0.000572, 0, -1517600924
524, 192.168.0.4:56404, 0.000653, 0, -763885703
523, 192.168.0.4:56402, 0.000892, 0, 1778185180
523, 192.168.0.4:56402, 0.000922, 0, -328753977
523, 192.168.0.4:56402, 0.001002, 0, 1321338099
521, 192.168.0.4:56398, 0.001284, 0, -2138824994
521, 192.168.0.4:56398, 0.001337, 0, -778729110
520, 192.168.0.4:56396, 0.001448, 0, 692142570
526, 192.168.0.4:56408, 0.000465, 0, -890604418
527, 192.168.0.4:56410, 0.000584, 0, 1934590709
530, 192.168.0.4:56416, 0.000316, 0, -1436511942
530, 192.168.0.4:56416, 0.000375, 0, -1133871366
531, 192.168.0.4:56418, 0.000450, 0, 1216334738
532, 192.168.0.4:56420, 0.000642, 0, -2138824994
532, 192.168.0.4:56420, 0.000697, 0, 440904163
535, 192.168.0.4:56426, 0.000437, 0, -1252618622
535, 192.168.0.4:56426, 0.000545, 0, -1768839331
536, 192.168.0.4:56428, 0.000529, 0, -645138448
529, 192.168.0.4:56414, 0.001759, 0, -565148977
534, 192.168.0.4:56424, 0.001503, 0, -165476500
538, 192.168.0.4:56432, 0.000837, 0, -801543977
539, 192.168.0.4:56434, 0.000745, 0, 1364768808
533, 192.168.0.4:56422, 0.002266, 0, 2089896726
533, 192.168.0.4:56422, 0.002276, 0, 840576639
533, 192.168.0.4:56422, 0.002377, 0, 677848919
537, 192.168.0.4:56430, 0.001568, 0, 773231552
537, 192.168.0.4:56430, 0.001638, 0, 462619517
528, 192.168.0.4:56412, 0.002930, 0, -978565349
540, 192.168.0.4:56436, 0.000317, 0, -1576974552
541, 192.168.0.4:56438, 0.000281, 0, -815287872
545, 192.168.0.4:56446, 0.000121, 0, 735573279
543, 192.168.0.4:56442, 0.000457, 0, 233096465
546, 192.168.0.4:56448, 0.000385, 0, 1756469825
544, 192.168.0.4:56444, 0.000850, 0, 432932703
544, 192.168.0.4:56444, 0.000846, 0, 713857924
547, 192.168.0.4:56450, 0.000812, 0, -1193244994
547, 192.168.0.4:56450, 0.000884, 0, -1954931674
549, 192.168.0.4:56454, 0.000543, 0, -1628376721
542, 192.168.0.4:56440, 0.001627, 0, -224850128
548, 192.168.0.4:56452, 0.000989, 0, -1443383889
550, 192.168.0.4:56456, 0.000381, 0, -1976647029
551, 192.168.0.4:56458, 0.000423, 0, 713857924
553, 192.168.0.4:56462, 0.000413, 0, 2118484029
556, 192.168.0.4:56468, 0.000367, 0, -10170483
556, 192.168.0.4:56468, 0.000428, 0, 11544872
555, 192.168.0.4:56466, 0.000638, 0, -1857899773
555, 192.168.0.4:56466, 0.000716, 0, 1253993011
554, 192.168.0.4:56464, 0.001055, 0, -1613533314
559, 192.168.0.4:56474, 0.000471, 0, -1733380081
559, 192.168.0.4:56474, 0.000517, 0, 197637215
558, 192.168.0.4:56472, 0.000840, 0, 1135245756
560, 192.168.0.4:56476, 0.000663, 0, -1466198756
557, 192.168.0.4:56470, 0.001282, 0, 78889959
557, 192.168.0.4:56470, 0.001361, 0, -1621504773
557, 192.168.0.4:56470, 0.001403, 0, -948878535
565, 192.168.0.4:56486, 0.000350, 0, -1917273401
565, 192.168.0.4:56486, 0.000433, 0, -690768180
566, 192.168.0.4:56488, 0.000602, 0, 670427215
566, 192.168.0.4:56488, 0.000705, 0, -120946279
564, 192.168.0.4:56484, 0.001242, 0, 1483516064
567, 192.168.0.4:56490, 0.000916, 0, 92633855
561, 192.168.0.4:56478, 0.002014, 0, 72018012
561, 192.168.0.4:56478, 0.002092, 0, -223750616
563, 192.168.0.4:56482, 0.002140, 0, -1066526279
562, 192.168.0.4:56480, 0.002457, 0, -726777186
568, 192.168.0.4:56492, 0.001527, 0, -1008252163
552, 192.168.0.4:56460, 0.003902, 0, 1282580314
570, 192.168.0.4:56496, 0.000438, 0, -1393081232
573, 192.168.0.4:56502, 0.000290, 0, -2079451366
571, 192.168.0.4:56498, 0.000655, 0, -904348314
574, 192.168.0.4:56504, 0.000467, 0, -1171529639
572, 192.168.0.4:56500, 0.000796, 0, -69544110
569, 192.168.0.4:56494, 0.001080, 0, 729800843
575, 192.168.0.4:56506, 0.000493, 0, 1883188540
576, 192.168.0.4:56508, 0.000320, 0, -1998362383
578, 192.168.0.4:56512, 0.000356, 0, 1534918232
580, 192.168.0.4:56516, 0.000410, 0, -1755095436
581, 192.168.0.4:56518, 0.000435, 0, -971693401
581, 192.168.0.4:56518, 0.000516, 0, -1879615128
581, 192.168.0.4:56518, 0.000553, 0, 1964277523
582, 192.168.0.4:56520, 0.000644, 0, 2015679692
582, 192.168.0.4:56520, 0.000690, 0, -1214960349
582, 192.168.0.4:56520, 0.000764, 0, -2117109639
582, 192.168.0.4:56520, 0.000796, 0, -69544110
579, 192.168.0.4:56514, 0.000996, 0, -615451634
583, 192.168.0.4:56522, 0.000993, 0, -1583846500
583, 192.168.0.4:56522, 0.001055, 0, -1613533314
583, 192.168.0.4:56522, 0.001095, 0, 1276807878
585, 192.168.0.4:56526, 0.000687, 0, 1143217215
585, 192.168.0.4:56526, 0.000746, 0, -852946145
587, 192.168.0.4:56530, 0.000567, 0, 981039250
584, 192.168.0.4:56524, 0.001410, 0, -120946279
586, 192.168.0.4:56528, 0.001068, 0, 1151188674
586, 192.168.0.4:56528, 0.001126, 0, 1261964471
586, 192.168.0.4:56528, 0.001169, 0, 825733232
591, 192.168.0.4:56538, 0.000394, 0, 492306331
589, 192.168.0.4:56534, 0.000729, 0, -1806497604
589, 192.168.0.4:56534, 0.000799, 0, 1867245622
588, 192.168.0.4:56532, 0.001175, 0, -1532444331
588, 192.168.0.4:56532, 0.001251, 0, 93733366
595, 192.168.0.4:56546, 0.000201, 0, -631394552
593, 192.168.0.4:56542, 0.000805, 0, 1445857791
593, 192.168.0.4:56542, 0.000845, 0, -1363394418
593, 192.168.0.4:56542, 0.000929, 0, 1327110535
597, 192.168.0.4:56550, 0.000456, 0, 373559076
598, 192.168.0.4:56552, 0.000372, 0, -712483535
598, 192.168.0.4:56552, 0.000486, 0, 454648058
594, 192.168.0.4:56544, 0.001526, 0, 100605314
590, 192.168.0.4:56536, 0.002531, 0, 1195169139
590, 192.168.0.4:56536, 0.002612, 0, -763885703
590, 192.168.0.4:56536, 0.002719, 0, 41781442
592, 192.168.0.4:56540, 0.002534, 0, -468117076
596, 192.168.0.4:56548, 0.001859, 0, 218253058
596, 192.168.0.4:56548, 0.001924, 0, 1156961110
599, 192.168.0.4:56554, 0.001347, 0, 1017598012
577, 192.168.0.4:56510, 0.005061, 0, -675100139
604, 192.168.0.4:56564, 0.000129, 0, -1879615128
602, 192.168.0.4:56560, 0.000502, 0, -896376855
603, 192.168.0.4:56562, 0.000539, 0, -1347451500
603, 192.168.0.4:56562, 0.000605, 0, -1687750349
601, 192.168.0.4:56558, 0.000973, 0, -1763066895
605, 192.168.0.4:56566, 0.000748, 0, -993408756
600, 192.168.0.4:56556, 0.001236, 0, -453273669
606, 192.168.0.4:56568, 0.000508, 0, -1317764686
607, 192.168.0.4:56570, 0.000829, 0, -239693535
610, 192.168.0.4:56576, 0.000585, 0, -283124244
610, 192.168.0.4:56576, 0.000614, 0, -172348448
611, 192.168.0.4:56578, 0.000597, 0, -1125899907
611, 192.168.0.4:56578, 0.000648, 0, 1734754471
613, 192.168.0.4:56582, 0.000631, 0, 781203012
613, 192.168.0.4:56582, 0.000703, 0, 19516331
613, 192.168.0.4:56582, 0.000744, 0, -712483535
613, 192.168.0.4:56582, 0.000774, 0, 1475544604
612, 192.168.0.4:56580, 0.001123, 0, 293569605
614, 192.168.0.4:56584, 0.001064, 0, 1291651285
614, 192.168.0.4:56584, 0.001123, 0, 293569605
609, 192.168.0.4:56574, 0.001621, 0, 2133327436
608, 192.168.0.4:56572, 0.001825, 0, -735298401
616, 192.168.0.4:56588, 0.000531, 0, -785601058
618, 192.168.0.4:56592, 0.000589, 0, -564049465
619, 192.168.0.4:56594, 0.000636, 0, -1717437163
619, 192.168.0.4:56594, 0.000731, 0, -1946960215
619, 192.168.0.4:56594, 0.000847, 0, -1503857029
620, 192.168.0.4:56596, 0.000909, 0, -1563230657
620, 192.168.0.4:56596, 0.000915, 0, -1984618488
620, 192.168.0.4:56596, 0.000996, 0, -615451634
617, 192.168.0.4:56590, 0.001258, 0, 921665622
617, 192.168.0.4:56590, 0.001313, 0, 64046552
615, 192.168.0.4:56586, 0.001531, 0, -1148714773
621, 192.168.0.4:56598, 0.000452, 0, 935409517
622, 192.168.0.4:56600, 0.000471, 0, -1733380081
624, 192.168.0.4:56604, 0.000321, 0, -2138824994
628, 192.168.0.4:56612, 0.000219, 0, -1393081232
628, 192.168.0.4:56612, 0.000284, 0, -1236675703
626, 192.168.0.4:56608, 0.000499, 0, 1461800709
626, 192.168.0.4:56608, 0.000590, 0, 1513202878
627, 192.168.0.4:56610, 0.000612, 0, -31885837
627, 192.168.0.4:56610, 0.000688, 0, -1074497738
627, 192.168.0.4:56610, 0.000731, 0, -1946960215
631, 192.168.0.4:56618, 0.000319, 0, -1857899773
625, 192.168.0.4:56606, 0.001143, 0, -408743448
632, 192.168.0.4:56620, 0.000351, 0, -2057736011
632, 192.168.0.4:56620, 0.000428, 0, 11544872
630, 192.168.0.4:56616, 0.001044, 0, 1993964337
633, 192.168.0.4:56622, 0.000851, 0, -1784782250
633, 192.168.0.4:56622, 0.000919, 0, 2029423587
633, 192.168.0.4:56622, 0.000953, 0, -358440791
635, 192.168.0.4:56626, 0.000500, 0, -755914244
635, 192.168.0.4:56626, 0.000526, 0, 1713039116
635, 192.168.0.4:56626, 0.000634, 0, -1576974552
636, 192.168.0.4:56628, 0.000636, 0, -1717437163
636, 192.168.0.4:56628, 0.000734, 0, -10170483
637, 192.168.0.4:56630, 0.001008, 0, -1036839465
623, 192.168.0.4:56602, 0.003576, 0, 1637722570
629, 192.168.0.4:56614, 0.003161, 0, -202585017
634, 192.168.0.4:56624, 0.002167, 0, 1143766971
638, 192.168.0.4:56632, 0.000293, 0, 1794128099
639, 192.168.0.4:56634, 0.000476, 0, 1859274163
643, 192.168.0.4:56642, 0.000320, 0, -1998362383
643, 192.168.0.4:56642, 0.000431, 0, -409842959
644, 192.168.0.4:56644, 0.000493, 0, 1883188540
644, 192.168.0.4:56644, 0.000583, 0, -142661634
644, 192.168.0.4:56644, 0.000648, 0, 1734754471
645, 192.168.0.4:56646, 0.000768, 0, 1896932436
642, 192.168.0.4:56640, 0.001112, 0, -393900041
641, 192.168.0.4:56638, 0.001151, 0, -689668669
640, 192.168.0.4:56636, 0.001470, 0, 2067081860
647, 192.168.0.4:56650, 0.000260, 0, 2134426947
648, 192.168.0.4:56652, 0.000729, 0, -1806497604
649, 192.168.0.4:56654, 0.000631, 0, 781203012
651, 192.168.0.4:56658, 0.000395, 0, 351843721
651, 192.168.0.4:56658, 0.000445, 0, 1918647790
652, 192.168.0.4:56660, 0.000478, 0, 1578348942
650, 192.168.0.4:56656, 0.000920, 0, -188291366
653, 192.168.0.4:56662, 0.000726, 0, 551679959
646, 192.168.0.4:56648, 0.002051, 0, 1032991174
655, 192.168.0.4:56666, 0.000327, 0, 1313366639
654, 192.168.0.4:56664, 0.000624, 0, -874661500
656, 192.168.0.4:56668, 0.000556, 0, -393900041
657, 192.168.0.4:56670, 0.000508, 0, -1317764686
658, 192.168.0.4:56672, 0.000355, 0, 1675380843
658, 192.168.0.4:56672, 0.000395, 0, 351843721
660, 192.168.0.4:56676, 0.000359, 0, 1113530401
661, 192.168.0.4:56678, 0.000425, 0, 432932703
661, 192.168.0.4:56678, 0.000471, 0, -1733380081
663, 192.168.0.4:56682, 0.000225, 0, 1216334738
664, 192.168.0.4:56684, 0.000710, 0, 1675380843
668, 192.168.0.4:56692, 0.000398, 0, -69544110
668, 192.168.0.4:56692, 0.000447, 0, 1637722570
668, 192.168.0.4:56692, 0.000489, 0, -2130853535
666, 192.168.0.4:56688, 0.000731, 0, -1946960215
667, 192.168.0.4:56690, 0.000702, 0, -2057736011
667, 192.168.0.4:56690, 0.000756, 0, -1555259197
669, 192.168.0.4:56694, 0.000642, 0, -2138824994
669, 192.168.0.4:56694, 0.000683, 0, 1424142436
665, 192.168.0.4:56686, 0.001090, 0, -1768839331
665, 192.168.0.4:56686, 0.001129, 0, -2064607959
659, 192.168.0.4:56674, 0.002184, 0, 308413012
670, 192.168.0.4:56696, 0.000438, 0, -1393081232
671, 192.168.0.4:56698, 0.000528, 0, 1572576506
672, 192.168.0.4:56700, 0.000280, 0, -674825262
673, 192.168.0.4:56702, 0.000350, 0, -1917273401
676, 192.168.0.4:56708, 0.000344, 0, -1074497738
677, 192.168.0.4:56710, 0.000340, 0, -512647296
677, 192.168.0.4:56710, 0.000406, 0, -1193244994
677, 192.168.0.4:56710, 0.000277, 0, -253437430
675, 192.168.0.4:56706, 0.000680, 0, -512647296
678, 192.168.0.4:56712, 0.000596, 0, 1091815046
678, 192.168.0.4:56712, 0.000651, 0, -623423093
679, 192.168.0.4:56714, 0.000644, 0, 2015679692
674, 192.168.0.4:56704, 0.001215, 0, 1357896860
680, 192.168.0.4:56716, 0.000500, 0, -755914244
681, 192.168.0.4:56718, 0.000568, 0, -1236675703
685, 192.168.0.4:56726, 0.000319, 0, -1857899773
686, 192.168.0.4:56728, 0.000449, 0, 1356797349
684, 192.168.0.4:56724, 0.000766, 0, 2037395046
684, 192.168.0.4:56724, 0.000817, 0, 603082128
684, 192.168.0.4:56724, 0.000858, 0, -128917738
689, 192.168.0.4:56734, 0.000362, 0, 692142570
683, 192.168.0.4:56722, 0.001449, 0, -416714907
688, 192.168.0.4:56732, 0.000727, 0, -1666034994
687, 192.168.0.4:56730, 0.001037, 0, 1166032081
690, 192.168.0.4:56736, 0.000728, 0, 411217349
690, 192.168.0.4:56736, 0.000771, 0, -461245128
682, 192.168.0.4:56720, 0.001922, 0, -920291232
691, 192.168.0.4:56738, 0.000782, 0, 913694163
692, 192.168.0.4:56740, 0.000772, 0, 1616007215
693, 192.168.0.4:56742, 0.000527, 0, -504675837
694, 192.168.0.4:56744, 0.000344, 0, -1074497738
697, 192.168.0.4:56750, 0.000159, 0, -1717437163
699, 192.168.0.4:56754, 0.000211, 0, 854320535
700, 192.168.0.4:56756, 0.000347, 0, -1495885570
698, 192.168.0.4:56752, 0.000733, 0, -2087422825
698, 192.168.0.4:56752, 0.000806, 0, -771857163
696, 192.168.0.4:56748, 0.001116, 0, -534362651
696, 192.168.0.4:56748, 0.001171, 0, -1391981721
695, 192.168.0.4:56746, 0.001372, 0, -934035128
701, 192.168.0.4:56758, 0.000757, 0, 521993145
702, 192.168.0.4:56760, 0.000447, 0, 1637722570
703, 192.168.0.4:56762, 0.000373, 0, -852946145
703, 192.168.0.4:56762, 0.000441, 0, -1814469064
704, 192.168.0.4:56764, 0.000953, 0, -358440791
707, 192.168.0.4:56770, 0.000643, 0, -61572651
706, 192.168.0.4:56768, 0.000835, 0, -661081366
710, 192.168.0.4:56776, 0.000407, 0, -1333707604
710, 192.168.0.4:56776, 0.000459, 0, -47828756
709, 192.168.0.4:56774, 0.000616, 0, -312811058
709, 192.168.0.4:56774, 0.000694, 0, -1495885570
709, 192.168.0.4:56774, 0.000766, 0, 2037395046
708, 192.168.0.4:56772, 0.001025, 0, 1587419913
708, 192.168.0.4:56772, 0.001075, 0, 1979120930
705, 192.168.0.4:56766, 0.001447, 0, 1801000046
711, 192.168.0.4:56778, 0.000577, 0, 278726198
712, 192.168.0.4:56780, 0.000595, 0, -985437296
716, 192.168.0.4:56788, 0.000201, 0, -631394552
714, 192.168.0.4:56784, 0.000538, 0, 870263453
717, 192.168.0.4:56790, 0.000338, 0, -231722076
718, 192.168.0.4:56792, 0.000320, 0, -1998362383
715, 192.168.0.4:56786, 0.000770, 0, 1756469825
720, 192.168.0.4:56796, 0.000344, 0, -1074497738
719, 192.168.0.4:56794, 0.000501, 0, 1321338099
720, 192.168.0.4:56796, 0.000401, 0, -490931942
721, 192.168.0.4:56798, 0.000489, 0, -2130853535
721, 192.168.0.4:56798, 0.000555, 0, 1823814913
713, 192.168.0.4:56782, 0.001901, 0, 890879296
722, 192.168.0.4:56800, 0.000596, 0, 1091815046
723, 192.168.0.4:56802, 0.000549, 0, -2049764552
725, 192.168.0.4:56806, 0.000500, 0, -755914244
728, 192.168.0.4:56812, 0.000361, 0, 832605180
728, 192.168.0.4:56812, 0.000428, 0, 11544872
728, 192.168.0.4:56812, 0.000569, 0, 840576639
727, 192.168.0.4:56810, 0.000753, 0, 802918366
727, 192.168.0.4:56810, 0.000822, 0, -1895558046
727, 192.168.0.4:56810, 0.000863, 0, 1667409384
729, 192.168.0.4:56814, 0.000771, 0, -461245128
729, 192.168.0.4:56814, 0.000840, 0, 1135245756
729, 192.168.0.4:56814, 0.000894, 0, 1637722570
730, 192.168.0.4:56816, 0.001007, 0, 72018012
731, 192.168.0.4:56818, 0.001067, 0, -2034921145
726, 192.168.0.4:56808, 0.001703, 0, 1401327570
724, 192.168.0.4:56804, 0.002100, 0, -364213227
732, 192.168.0.4:56820, 0.000398, 0, -69544110
733, 192.168.0.4:56822, 0.000427, 0, 152007483
734, 192.168.0.4:56824, 0.000368, 0, -150633093
735, 192.168.0.4:56826, 0.000334, 0, 330128366
736, 192.168.0.4:56828, 0.000315, 0, -1296049331
737, 192.168.0.4:56830, 0.000267, 0, 1151188674
738, 192.168.0.4:56832, 0.000257, 0, -1739152517
739, 192.168.0.4:56834, 0.000220, 0, -1674006453
740, 192.168.0.4:56836, 0.000546, 0, 308413012
740, 192.168.0.4:56836, 0.000555, 0, 1823814913
744, 192.168.0.4:56844, 0.000389, 0, 1194619384
744, 192.168.0.4:56844, 0.000420, 0, 1135245756
744, 192.168.0.4:56844, 0.000559, 0, 1542889692
742, 192.168.0.4:56840, 0.000749, 0, 1083843587
745, 192.168.0.4:56846, 0.000659, 0, -1185273535
745, 192.168.0.4:56846, 0.000768, 0, 1896932436
747, 192.168.0.4:56850, 0.000855, 0, -2065707471
747, 192.168.0.4:56850, 0.000971, 0, -1622604285
747, 192.168.0.4:56850, 0.001022, 0, 619025046
743, 192.168.0.4:56842, 0.001350, 0, 1985992878
746, 192.168.0.4:56848, 0.001341, 0, -919191721
746, 192.168.0.4:56848, 0.001240, 0, -593736279
741, 192.168.0.4:56838, 0.001783, 0, -1407924639
748, 192.168.0.4:56852, 0.000430, 0, -269380349
750, 192.168.0.4:56856, 0.000412, 0, -2036020657
753, 192.168.0.4:56862, 0.000358, 0, 1253993011
753, 192.168.0.4:56862, 0.000425, 0, 432932703
753, 192.168.0.4:56862, 0.000477, 0, 1718811552
753, 192.168.0.4:56862, 0.000533, 0, -926063668
751, 192.168.0.4:56858, 0.000717, 0, -963721942
752, 192.168.0.4:56860, 0.000740, 0, -431558314
752, 192.168.0.4:56860, 0.000789, 0, -1725408622
752, 192.168.0.4:56860, 0.000836, 0, 1416170977
754, 192.168.0.4:56864, 0.000845, 0, -1363394418
754, 192.168.0.4:56864, 0.000900, 0, 1216334738
754, 192.168.0.4:56864, 0.000945, 0, 203409651
757, 192.168.0.4:56870, 0.000475, 0, 1999736773
756, 192.168.0.4:56868, 0.000792, 0, 211381110
756, 192.168.0.4:56868, 0.000833, 0, -520618756
756, 192.168.0.4:56868, 0.000898, 0, 1356797349
758, 192.168.0.4:56872, 0.000594, 0, 1232277657
758, 192.168.0.4:56872, 0.000640, 0, -1998362383
761, 192.168.0.4:56878, 0.000275, 0, 27487791
759, 192.168.0.4:56874, 0.000649, 0, -482960483
759, 192.168.0.4:56874, 0.000739, 0, 1786156639
749, 192.168.0.4:56854, 0.002425, 0, -164926744
760, 192.168.0.4:56876, 0.001036, 0, -2020077738
755, 192.168.0.4:56866, 0.002101, 0, -918641965
762, 192.168.0.4:56880, 0.000452, 0, 935409517
766, 192.168.0.4:56888, 0.000339, 0, -372184686
766, 192.168.0.4:56888, 0.000348, 0, -1636348180
766, 192.168.0.4:56888, 0.000486, 0, 454648058
767, 192.168.0.4:56890, 0.000526, 0, 1713039116
767, 192.168.0.4:56890, 0.000607, 0, -1828212959
767, 192.168.0.4:56890, 0.000632, 0, -1436511942
770, 192.168.0.4:56896, 0.000367, 0, -10170483
770, 192.168.0.4:56896, 0.000452, 0, 935409517
763, 192.168.0.4:56882, 0.001432, 0, 1253993011
771, 192.168.0.4:56898, 0.000475, 0, 1999736773
768, 192.168.0.4:56892, 0.001273, 0, 1468672657
765, 192.168.0.4:56886, 0.001795, 0, -1829312471
775, 192.168.0.4:56906, 0.000243, 0, 454648058
774, 192.168.0.4:56904, 0.000472, 0, -1873842692
774, 192.168.0.4:56904, 0.000522, 0, 1993964337
772, 192.168.0.4:56900, 0.001283, 0, -1029967517
776, 192.168.0.4:56908, 0.000814, 0, -1333707604
776, 192.168.0.4:56908, 0.000825, 0, 41231686
773, 192.168.0.4:56902, 0.001413, 0, 847448587
773, 192.168.0.4:56902, 0.001481, 0, -1540415791
764, 192.168.0.4:56884, 0.003019, 0, 1216884494
777, 192.168.0.4:56910, 0.000558, 0, -534362651
778, 192.168.0.4:56912, 0.000525, 0, -364213227
779, 192.168.0.4:56914, 0.000486, 0, 454648058
780, 192.168.0.4:56916, 0.000293, 0, 1794128099
784, 192.168.0.4:56924, 0.000219, 0, -1393081232
784, 192.168.0.4:56924, 0.000284, 0, -1236675703
784, 192.168.0.4:56924, 0.000360, 0, 973067791
785, 192.168.0.4:56926, 0.000411, 0, -1895558046
785, 192.168.0.4:56926, 0.000474, 0, 2140199383
785, 192.168.0.4:56926, 0.000552, 0, -112974820
783, 192.168.0.4:56922, 0.000896, 0, 1497259959
786, 192.168.0.4:56928, 0.000842, 0, 994783145
786, 192.168.0.4:56928, 0.000920, 0, -188291366
782, 192.168.0.4:56920, 0.001481, 0, -1540415791
788, 192.168.0.4:56932, 0.001290, 0, -202035262
787, 192.168.0.4:56930, 0.001573, 0, -476088535
781, 192.168.0.4:56918, 0.002044, 0, 619025046
789, 192.168.0.4:56934, 0.000391, 0, 913694163
790, 192.168.0.4:56936, 0.000281, 0, -815287872
791, 192.168.0.4:56938, 0.000366, 0, 130292128
792, 192.168.0.4:56940, 0.000290, 0, -2079451366
793, 192.168.0.4:56942, 0.000196, 0, 773231552
794, 192.168.0.4:56944, 0.000348, 0, -1636348180
797, 192.168.0.4:56950, 0.000247, 0, -334526413
795, 192.168.0.4:56946, 0.000548, 0, 167950401
795, 192.168.0.4:56946, 0.000610, 0, 108576773
799, 192.168.0.4:56954, 0.000816, 0, -1474170215
798, 192.168.0.4:56952, 0.001075, 0, 1979120930
801, 192.168.0.4:56958, 0.000550, 0, 27487791
800, 192.168.0.4:56956, 0.000807, 0, 1305395180
801, 192.168.0.4:56958, 0.000645, 0, -202035262
802, 192.168.0.4:56960, 0.000570, 0, -1377138314
802, 192.168.0.4:56960, 0.000590, 0, 1513202878
796, 192.168.0.4:56948, 0.001692, 0, 713857924
803, 192.168.0.4:56962, 0.000572, 0, -1517600924
804, 192.168.0.4:56964, 0.000421, 0, 994783145
804, 192.168.0.4:56964, 0.000481, 0, 1156961110
808, 192.168.0.4:56972, 0.000290, 0, -2079451366
808, 192.168.0.4:56972, 0.000383, 0, 2037395046
808, 192.168.0.4:56972, 0.000479, 0, 1437886331
809, 192.168.0.4:56974, 0.000662, 0, 751516198
809, 192.168.0.4:56974, 0.000752, 0, -1274333977
809, 192.168.0.4:56974, 0.000760, 0, -1836184418
810, 192.168.0.4:56976, 0.000956, 0, 1578348942
810, 192.168.0.4:56976, 0.001047, 0, -1332608093
807, 192.168.0.4:56970, 0.001049, 0, 744644250
806, 192.168.0.4:56968, 0.001428, 0, 1394455622
812, 192.168.0.4:56980, 0.001266, 0, 640740401
811, 192.168.0.4:56978, 0.001450, 0, -1525572384
805, 192.168.0.4:56966, 0.002061, 0, -216328913
818, 192.168.0.4:56992, 0.000190, 0, -1836184418
816, 192.168.0.4:56988, 0.000549, 0, -2049764552
816, 192.168.0.4:56988, 0.000644, 0, 2015679692
816, 192.168.0.4:56988, 0.000720, 0, 973067791
817, 192.168.0.4:56990, 0.000723, 0, -1385109773
817, 192.168.0.4:56990, 0.000794, 0, 70918500
817, 192.168.0.4:56990, 0.000834, 0, 1556633587
815, 192.168.0.4:56986, 0.001168, 0, 1934590709
815, 192.168.0.4:56986, 0.001178, 0, -564049465
815, 192.168.0.4:56986, 0.001191, 0, -2094294773
814, 192.168.0.4:56984, 0.001460, 0, 270754738
814, 192.168.0.4:56984, 0.001489, 0, -1821341011
813, 192.168.0.4:56982, 0.001593, 0, -1178401587
823, 192.168.0.4:57002, 0.000201, 0, -631394552
820, 192.168.0.4:56996, 0.000654, 0, 1313366639
822, 192.168.0.4:57000, 0.000692, 0, -1355422959
822, 192.168.0.4:57000, 0.000798, 0, -210006721
824, 192.168.0.4:57004, 0.000783, 0, -1304020791
821, 192.168.0.4:56998, 0.001157, 0, 1247121064
819, 192.168.0.4:56994, 0.001354, 0, 1845530267
825, 192.168.0.4:57006, 0.000532, 0, 1291651285
826, 192.168.0.4:57008, 0.000382, 0, -2117109639
829, 192.168.0.4:57014, 0.000135, 0, 729800843
828, 192.168.0.4:57012, 0.000481, 0, 1156961110
828, 192.168.0.4:57012, 0.000535, 0, -1066526279
832, 192.168.0.4:57020, 0.000275, 0, 27487791
830, 192.168.0.4:57016, 0.000613, 0, 2045366506
830, 192.168.0.4:57016, 0.000689, 0, 1002754605
834, 192.168.0.4:57024, 0.000263, 0, 1713039116
835, 192.168.0.4:57026, 0.000331, 0, 751516198
836, 192.168.0.4:57028, 0.000282, 0, -955750482
831, 192.168.0.4:57018, 0.001677, 0, 166850890
833, 192.168.0.4:57022, 0.001499, 0, -25013890
839, 192.168.0.4:57034, 0.000456, 0, 373559076
839, 192.168.0.4:57034, 0.000462, 0, -469216587
838, 192.168.0.4:57032, 0.000768, 0, 1896932436
838, 192.168.0.4:57032, 0.000821, 0, 322156907
827, 192.168.0.4:57010, 0.002814, 0, -1089341145
840, 192.168.0.4:57036, 0.000479, 0, 1437886331
841, 192.168.0.4:57038, 0.000544, 0, 448875622
843, 192.168.0.4:57042, 0.000157, 0, -1155586721
845, 192.168.0.4:57046, 0.000182, 0, 411217349
846, 192.168.0.4:57048, 0.000188, 0, -1274333977
844, 192.168.0.4:57044, 0.000627, 0, 1062128232
848, 192.168.0.4:57052, 0.000284, 0, -1236675703
847, 192.168.0.4:57050, 0.000871, 0, 1105558942
850, 192.168.0.4:57056, 0.000437, 0, -1252618622
850, 192.168.0.4:57056, 0.000496, 0, -474989023
849, 192.168.0.4:57054, 0.000752, 0, -1274333977
849, 192.168.0.4:57054, 0.000801, 0, 1726783011
842, 192.168.0.4:57040, 0.001927, 0, 2125355976
856, 192.168.0.4:57068, 0.000212, 0, 573395314
854, 192.168.0.4:57064, 0.000550, 0, 27487791
854, 192.168.0.4:57064, 0.000619, 0, 1623978674
854, 192.168.0.4:57064, 0.000675, 0, 1985992878
855, 192.168.0.4:57066, 0.000683, 0, 1424142436
855, 192.168.0.4:57066, 0.000763, 0, 100605314
855, 192.168.0.4:57066, 0.000812, 0, -1193244994
853, 192.168.0.4:57062, 0.001056, 0, 1572576506
853, 192.168.0.4:57062, 0.001122, 0, 1402427081
852, 192.168.0.4:57060, 0.001312, 0, 1172904029
852, 192.168.0.4:57060, 0.001360, 0, -512647296
851, 192.168.0.4:57058, 0.001449, 0, -416714907
857, 192.168.0.4:57070, 0.000390, 0, 1054156773
858, 192.168.0.4:57072, 0.000284, 0, -1236675703
860, 192.168.0.4:57076, 0.000224, 0, 1497259959
861, 192.168.0.4:57078, 0.000303, 0, 389501994
862, 192.168.0.4:57080, 0.000394, 0, 492306331
862, 192.168.0.4:57080, 0.000440, 0, -1674006453
863, 192.168.0.4:57082, 0.000415, 0, 1837558808
863, 192.168.0.4:57082, 0.000459, 0, -47828756
864, 192.168.0.4:57084, 0.000441, 0, -1814469064
864, 192.168.0.4:57084, 0.000481, 0, 1156961110
859, 192.168.0.4:57074, 0.001040, 0, 2134426947
865, 192.168.0.4:57086, 0.000578, 0, -1938988756
866, 192.168.0.4:57088, 0.000459, 0, -47828756
868, 192.168.0.4:57092, 0.000603, 0, -1547287738
873, 192.168.0.4:57102, 0.000210, 0, 1135245756
869, 192.168.0.4:57094, 0.000908, 0, 654484296
870, 192.168.0.4:57096, 0.000835, 0, -661081366
871, 192.168.0.4:57098, 0.000817, 0, 603082128
871, 192.168.0.4:57098, 0.000893, 0, -439529773
874, 192.168.0.4:57104, 0.000780, 0, 1054156773
872, 192.168.0.4:57100, 0.001017, 0, 1868345133
867, 192.168.0.4:57090, 0.001868, 0, -1171529639
876, 192.168.0.4:57108, 0.000422, 0, 854320535
878, 192.168.0.4:57112, 0.000434, 0, -831230791
878, 192.168.0.4:57112, 0.000504, 0, -1036839465
878, 192.168.0.4:57112, 0.000511, 0, 619025046
879, 192.168.0.4:57114, 0.000534, 0, 1151188674
879, 192.168.0.4:57114, 0.000577, 0, 278726198
879, 192.168.0.4:57114, 0.000610, 0, 108576773
880, 192.168.0.4:57116, 0.000619, 0, 1623978674
880, 192.168.0.4:57116, 0.000657, 0, -1044810924
880, 192.168.0.4:57116, 0.000685, 0, 1283679825
877, 192.168.0.4:57110, 0.000972, 0, 454648058
877, 192.168.0.4:57110, 0.001015, 0, -208907209
875, 192.168.0.4:57106, 0.001164, 0, 2075053320
881, 192.168.0.4:57118, 0.000576, 0, -1798526145
882, 192.168.0.4:57120, 0.000354, 0, 1815843453
884, 192.168.0.4:57124, 0.000242, 0, 735573279
888, 192.168.0.4:57132, 0.000177, 0, 1815843453
888, 192.168.0.4:57132, 0.000229, 0, 92633855
886, 192.168.0.4:57128, 0.000423, 0, 713857924
886, 192.168.0.4:57128, 0.000484, 0, 735573279
886, 192.168.0.4:57128, 0.000535, 0, -1066526279
886, 192.168.0.4:57128, 0.000569, 0, 840576639
887, 192.168.0.4:57130, 0.000626, 0, -1015124110
887, 192.168.0.4:57130, 0.000699, 0, 300441552
887, 192.168.0.4:57130, 0.000736, 0, -150633093
887, 192.168.0.4:57130, 0.000765, 0, -39857297
885, 192.168.0.4:57126, 0.000904, 0, 935409517
895, 192.168.0.4:57146, 0.000257, 0, -1739152517
893, 192.168.0.4:57142, 0.000610, 0, 108576773
893, 192.168.0.4:57142, 0.000684, 0, -793572517
891, 192.168.0.4:57138, 0.001248, 0, -874661500
891, 192.168.0.4:57138, 0.001283, 0, -1029967517
891, 192.168.0.4:57138, 0.001311, 0, -2013205790
890, 192.168.0.4:57136, 0.001520, 0, -1836184418
889, 192.168.0.4:57134, 0.001654, 0, -99230924
889, 192.168.0.4:57134, 0.001694, 0, -1503857029
883, 192.168.0.4:57122, 0.002237, 0, 988460953
896, 192.168.0.4:57148, 0.000940, 0, -1592917471
894, 192.168.0.4:57144, 0.001198, 0, -1266362517
897, 192.168.0.4:57150, 0.000471, 0, -1733380081
898, 192.168.0.4:57152, 0.000584, 0, 1934590709
899, 192.168.0.4:57154, 0.000397, 0, 70918500
900, 192.168.0.4:57156, 0.000420, 0, 1135245756
903, 192.168.0.4:57162, 0.000245, 0, -53601192
903, 192.168.0.4:57162, 0.000257, 0, -1739152517
904, 192.168.0.4:57164, 0.000591, 0, -704512075
904, 192.168.0.4:57164, 0.000656, 0, 1172904029
906, 192.168.0.4:57168, 0.000631, 0, 781203012
906, 192.168.0.4:57168, 0.000737, 0, 1926619250
906, 192.168.0.4:57168, 0.000779, 0, -1023095570
905, 192.168.0.4:57166, 0.000903, 0, -1141842825
905, 192.168.0.4:57166, 0.000960, 0, 1297423721
905, 192.168.0.4:57166, 0.000978, 0, -2130853535
902, 192.168.0.4:57160, 0.001352, 0, -231722076
902, 192.168.0.4:57160, 0.001405, 0, 1128373808
901, 192.168.0.4:57158, 0.001477, 0, -1399953180
909, 192.168.0.4:57174, 0.000306, 0, -31885837
910, 192.168.0.4:57176, 0.000514, 0, -1739152517
911, 192.168.0.4:57178, 0.000551, 0, 2104740133
908, 192.168.0.4:57172, 0.000937, 0, 765260093
912, 192.168.0.4:57180, 0.000740, 0, -431558314
907, 192.168.0.4:57170, 0.001230, 0, 1904903895
913, 192.168.0.4:57182, 0.000488, 0, 173722837
914, 192.168.0.4:57184, 0.000594, 0, 1232277657
919, 192.168.0.4:57194, 0.000230, 0, -188291366
917, 192.168.0.4:57190, 0.000516, 0, -1879615128
917, 192.168.0.4:57190, 0.000606, 0, 389501994
918, 192.168.0.4:57192, 0.000672, 0, 49203145
918, 192.168.0.4:57192, 0.000748, 0, -993408756
916, 192.168.0.4:57188, 0.001066, 0, -926063668
922, 192.168.0.4:57200, 0.000507, 0, 899950267
922, 192.168.0.4:57200, 0.000518, 0, -2020077738
0, 192.168.0.4:57198, 27.506114, 0, -1343878087
