4, 192.168.0.4:45736, 0.179163, 6, 400
31, 192.168.0.4:45790, 0.175690, 10, 400
29, 192.168.0.4:45786, 0.380487, 6, 400
6, 192.168.0.4:45740, 0.433099, 6, 400
8, 192.168.0.4:45744, 0.433715, 14, 400
12, 192.168.0.4:45752, 0.434154, 7, 400
2, 192.168.0.4:45732, 0.438225, 6, 400
669, 192.168.0.4:47066, 0.258362, 12, 800
10, 192.168.0.4:45748, 0.437432, 9, 400
18, 192.168.0.4:45764, 0.438680, 8, 400
74, 192.168.0.4:45876, 0.432080, 7, 400
77, 192.168.0.4:45882, 0.431516, 8, 400
102, 192.168.0.4:45932, 0.430677, 10, 400
233, 192.168.0.4:46194, 0.423036, 6, 400
243, 192.168.0.4:46214, 0.445242, 11, 400
245, 192.168.0.4:46218, 0.446938, 10, 400
264, 192.168.0.4:46256, 0.447785, 8, 400
265, 192.168.0.4:46258, 0.448157, 10, 400
343, 192.168.0.4:46414, 0.444704, 10, 400
266, 192.168.0.4:46260, 0.466694, 10, 400
367, 192.168.0.4:46462, 0.467129, 8, 400
380, 192.168.0.4:46488, 0.466823, 9, 400
3, 192.168.0.4:45734, 0.537417, 7, 400
5, 192.168.0.4:45738, 0.538610, 9, 480
973, 192.168.0.4:47674, 0.100554, 27, 1200
965, 192.168.0.4:47658, 0.107292, 18, 800
7, 192.168.0.4:45742, 0.541299, 9, 400
972, 192.168.0.4:47672, 0.104696, 12, 800
998, 192.168.0.4:47724, 0.005377, 14, 800
9, 192.168.0.4:45746, 0.542621, 15, 480
9, 192.168.0.4:45746, 0.542677, 15, 480
966, 192.168.0.4:47660, 0.109345, 30, 800
11, 192.168.0.4:45750, 0.543211, 11, 480
974, 192.168.0.4:47676, 0.057975, 18, 800
15, 192.168.0.4:45758, 0.543405, 9, 400
14, 192.168.0.4:45756, 0.544048, 7, 400
14, 192.168.0.4:45756, 0.544159, 9, 480
13, 192.168.0.4:45754, 0.544704, 8, 400
17, 192.168.0.4:45762, 0.544138, 8, 400
20, 192.168.0.4:45768, 0.545281, 9, 400
16, 192.168.0.4:45760, 0.547135, 9, 400
968, 192.168.0.4:47664, 0.113703, 16, 880
19, 192.168.0.4:45766, 0.547438, 8, 400
19, 192.168.0.4:45766, 0.547609, 9, 480
21, 192.168.0.4:45770, 0.547767, 8, 400
22, 192.168.0.4:45772, 0.548540, 8, 400
975, 192.168.0.4:47678, 0.064034, 21, 800
24, 192.168.0.4:45776, 0.548829, 8, 400
24, 192.168.0.4:45776, 0.548910, 10, 480
23, 192.168.0.4:45774, 0.549641, 8, 400
28, 192.168.0.4:45784, 0.548792, 7, 400
25, 192.168.0.4:45778, 0.549800, 8, 400
26, 192.168.0.4:45780, 0.550207, 9, 400
27, 192.168.0.4:45782, 0.550144, 6, 400
30, 192.168.0.4:45788, 0.549702, 9, 400
30, 192.168.0.4:45788, 0.549755, 9, 400
937, 192.168.0.4:47602, 0.169776, 15, 800
32, 192.168.0.4:45792, 0.550747, 13, 400
34, 192.168.0.4:45796, 0.551325, 15, 480
34, 192.168.0.4:45796, 0.551411, 16, 480
670, 192.168.0.4:47068, 0.376157, 19, 800
36, 192.168.0.4:45800, 0.552012, 14, 400
36, 192.168.0.4:45800, 0.552078, 16, 400
36, 192.168.0.4:45800, 0.552113, 16, 400
33, 192.168.0.4:45794, 0.552706, 11, 400
35, 192.168.0.4:45798, 0.553203, 13, 400
39, 192.168.0.4:45806, 0.553641, 10, 400
40, 192.168.0.4:45808, 0.553793, 13, 400
41, 192.168.0.4:45810, 0.553739, 12, 480
38, 192.168.0.4:45804, 0.554337, 12, 400
37, 192.168.0.4:45802, 0.555301, 9, 400
42, 192.168.0.4:45812, 0.555432, 11, 400
43, 192.168.0.4:45814, 0.555619, 12, 400
44, 192.168.0.4:45816, 0.555917, 11, 400
45, 192.168.0.4:45818, 0.556778, 12, 400
46, 192.168.0.4:45820, 0.556763, 11, 400
47, 192.168.0.4:45822, 0.556717, 15, 400
52, 192.168.0.4:45832, 0.556942, 10, 400
48, 192.168.0.4:45824, 0.558057, 12, 400
50, 192.168.0.4:45828, 0.557892, 11, 400
49, 192.168.0.4:45826, 0.558773, 12, 400
51, 192.168.0.4:45830, 0.559068, 9, 400
53, 192.168.0.4:45834, 0.559598, 11, 400
55, 192.168.0.4:45838, 0.559386, 11, 400
55, 192.168.0.4:45838, 0.559452, 13, 480
57, 192.168.0.4:45842, 0.559798, 9, 400
54, 192.168.0.4:45836, 0.560541, 8, 400
56, 192.168.0.4:45840, 0.560804, 11, 400
59, 192.168.0.4:45846, 0.560980, 14, 400
58, 192.168.0.4:45844, 0.561600, 9, 400
62, 192.168.0.4:45852, 0.561994, 12, 400
63, 192.168.0.4:45854, 0.562403, 13, 400
60, 192.168.0.4:45848, 0.563112, 6, 400
64, 192.168.0.4:45856, 0.563104, 13, 400
65, 192.168.0.4:45858, 0.563767, 13, 400
61, 192.168.0.4:45850, 0.564988, 7, 400
67, 192.168.0.4:45862, 0.564387, 14, 400
68, 192.168.0.4:45864, 0.564792, 12, 400
66, 192.168.0.4:45860, 0.566121, 10, 400
70, 192.168.0.4:45868, 0.565444, 11, 400
69, 192.168.0.4:45866, 0.566217, 13, 400
72, 192.168.0.4:45872, 0.566131, 12, 400
73, 192.168.0.4:45874, 0.565843, 11, 400
73, 192.168.0.4:45874, 0.565899, 13, 400
71, 192.168.0.4:45870, 0.566882, 15, 400
75, 192.168.0.4:45878, 0.567464, 10, 400
78, 192.168.0.4:45884, 0.566782, 14, 400
76, 192.168.0.4:45880, 0.568519, 13, 400
79, 192.168.0.4:45886, 0.568280, 12, 400
80, 192.168.0.4:45888, 0.568682, 9, 400
977, 192.168.0.4:47682, 0.091447, 17, 800
976, 192.168.0.4:47680, 0.093439, 15, 800
81, 192.168.0.4:45890, 0.570273, 12, 400
82, 192.168.0.4:45892, 0.570367, 9, 400
83, 192.168.0.4:45894, 0.570907, 11, 400
86, 192.168.0.4:45900, 0.570716, 13, 400
85, 192.168.0.4:45898, 0.571372, 16, 400
84, 192.168.0.4:45896, 0.572414, 12, 400
88, 192.168.0.4:45904, 0.572491, 13, 400
89, 192.168.0.4:45906, 0.572359, 9, 400
89, 192.168.0.4:45906, 0.572410, 11, 400
90, 192.168.0.4:45908, 0.572108, 12, 400
87, 192.168.0.4:45902, 0.574112, 10, 400
92, 192.168.0.4:45912, 0.572730, 10, 400
94, 192.168.0.4:45916, 0.573266, 12, 480
95, 192.168.0.4:45918, 0.573763, 9, 400
96, 192.168.0.4:45920, 0.574819, 8, 400
91, 192.168.0.4:45910, 0.576779, 9, 400
93, 192.168.0.4:45914, 0.576376, 7, 400
98, 192.168.0.4:45924, 0.575554, 10, 400
97, 192.168.0.4:45922, 0.577559, 14, 400
100, 192.168.0.4:45928, 0.577043, 15, 400
99, 192.168.0.4:45926, 0.578214, 7, 400
978, 192.168.0.4:47684, 0.104709, 22, 800
978, 192.168.0.4:47684, 0.104752, 23, 800
101, 192.168.0.4:45930, 0.578025, 7, 400
103, 192.168.0.4:45934, 0.577893, 10, 400
104, 192.168.0.4:45936, 0.577642, 11, 400
105, 192.168.0.4:45938, 0.577921, 12, 400
108, 192.168.0.4:45944, 0.577504, 11, 400
109, 192.168.0.4:45946, 0.577884, 12, 400
109, 192.168.0.4:45946, 0.577993, 14, 480
109, 192.168.0.4:45946, 0.578060, 15, 480
106, 192.168.0.4:45940, 0.580159, 9, 400
107, 192.168.0.4:45942, 0.580385, 11, 400
110, 192.168.0.4:45948, 0.580375, 9, 400
111, 192.168.0.4:45950, 0.580748, 13, 400
113, 192.168.0.4:45954, 0.580467, 11, 400
114, 192.168.0.4:45956, 0.581776, 10, 400
115, 192.168.0.4:45958, 0.581529, 13, 480
112, 192.168.0.4:45952, 0.583583, 10, 400
117, 192.168.0.4:45962, 0.582271, 13, 400
116, 192.168.0.4:45960, 0.582405, 11, 400
119, 192.168.0.4:45966, 0.584185, 11, 400
118, 192.168.0.4:45964, 0.584782, 6, 400
121, 192.168.0.4:45970, 0.584083, 12, 400
121, 192.168.0.4:45970, 0.584221, 14, 480
120, 192.168.0.4:45968, 0.585284, 10, 400
123, 192.168.0.4:45974, 0.584661, 13, 400
123, 192.168.0.4:45974, 0.584703, 14, 400
124, 192.168.0.4:45976, 0.584839, 10, 400
122, 192.168.0.4:45972, 0.585880, 12, 400
125, 192.168.0.4:45978, 0.586004, 9, 400
128, 192.168.0.4:45984, 0.585444, 14, 480
126, 192.168.0.4:45980, 0.586193, 8, 400
127, 192.168.0.4:45982, 0.586794, 10, 400
129, 192.168.0.4:45986, 0.586641, 12, 400
133, 192.168.0.4:45994, 0.586049, 7, 400
132, 192.168.0.4:45992, 0.586566, 13, 400
132, 192.168.0.4:45992, 0.586615, 13, 400
130, 192.168.0.4:45988, 0.587334, 8, 400
131, 192.168.0.4:45990, 0.587385, 13, 400
136, 192.168.0.4:46000, 0.586241, 8, 400
134, 192.168.0.4:45996, 0.587353, 10, 400
135, 192.168.0.4:45998, 0.587390, 6, 400
138, 192.168.0.4:46004, 0.586910, 10, 400
138, 192.168.0.4:46004, 0.586929, 11, 480
137, 192.168.0.4:46002, 0.587282, 9, 400
140, 192.168.0.4:46008, 0.587559, 12, 400
141, 192.168.0.4:46010, 0.587501, 12, 400
142, 192.168.0.4:46012, 0.588065, 8, 400
143, 192.168.0.4:46014, 0.587891, 14, 400
143, 192.168.0.4:46014, 0.587956, 15, 480
139, 192.168.0.4:46006, 0.588956, 8, 400
145, 192.168.0.4:46018, 0.587913, 13, 400
147, 192.168.0.4:46022, 0.588345, 11, 400
147, 192.168.0.4:46022, 0.588570, 13, 480
148, 192.168.0.4:46024, 0.590645, 11, 400
146, 192.168.0.4:46020, 0.592507, 11, 400
144, 192.168.0.4:46016, 0.593399, 9, 400
149, 192.168.0.4:46026, 0.593547, 14, 400
151, 192.168.0.4:46030, 0.592885, 13, 400
150, 192.168.0.4:46028, 0.593804, 10, 400
153, 192.168.0.4:46034, 0.593526, 14, 400
155, 192.168.0.4:46038, 0.594714, 14, 400
156, 192.168.0.4:46040, 0.594810, 12, 400
152, 192.168.0.4:46032, 0.595822, 9, 400
154, 192.168.0.4:46036, 0.595781, 13, 400
157, 192.168.0.4:46042, 0.595698, 13, 400
159, 192.168.0.4:46046, 0.595586, 12, 400
158, 192.168.0.4:46044, 0.596301, 9, 400
160, 192.168.0.4:46048, 0.596390, 11, 400
163, 192.168.0.4:46054, 0.596478, 12, 400
161, 192.168.0.4:46050, 0.597816, 10, 400
164, 192.168.0.4:46056, 0.597253, 10, 400
162, 192.168.0.4:46052, 0.598399, 9, 400
166, 192.168.0.4:46060, 0.598915, 11, 400
165, 192.168.0.4:46058, 0.599771, 7, 400
168, 192.168.0.4:46064, 0.599200, 14, 400
169, 192.168.0.4:46066, 0.598924, 10, 400
167, 192.168.0.4:46062, 0.600046, 9, 400
171, 192.168.0.4:46070, 0.599188, 10, 400
170, 192.168.0.4:46068, 0.599721, 11, 400
173, 192.168.0.4:46074, 0.599838, 10, 400
172, 192.168.0.4:46072, 0.600296, 12, 400
175, 192.168.0.4:46078, 0.600290, 12, 400
176, 192.168.0.4:46080, 0.600845, 11, 400
177, 192.168.0.4:46082, 0.600696, 10, 400
177, 192.168.0.4:46082, 0.600739, 11, 400
174, 192.168.0.4:46076, 0.601560, 12, 400
179, 192.168.0.4:46086, 0.600739, 9, 400
178, 192.168.0.4:46084, 0.602289, 11, 400
181, 192.168.0.4:46090, 0.601723, 11, 400
185, 192.168.0.4:46098, 0.604354, 10, 400
180, 192.168.0.4:46088, 0.605994, 8, 400
184, 192.168.0.4:46096, 0.605484, 12, 400
183, 192.168.0.4:46094, 0.606176, 9, 400
182, 192.168.0.4:46092, 0.607121, 8, 400
188, 192.168.0.4:46104, 0.605953, 11, 400
187, 192.168.0.4:46102, 0.606480, 9, 400
186, 192.168.0.4:46100, 0.607085, 12, 400
189, 192.168.0.4:46106, 0.606594, 13, 400
192, 192.168.0.4:46112, 0.606157, 10, 400
193, 192.168.0.4:46114, 0.606832, 12, 400
191, 192.168.0.4:46110, 0.607392, 12, 400
194, 192.168.0.4:46116, 0.607494, 11, 400
190, 192.168.0.4:46108, 0.608877, 7, 400
195, 192.168.0.4:46118, 0.608363, 12, 400
197, 192.168.0.4:46122, 0.608054, 13, 400
197, 192.168.0.4:46122, 0.608101, 14, 400
196, 192.168.0.4:46120, 0.608528, 14, 400
199, 192.168.0.4:46126, 0.609554, 11, 400
198, 192.168.0.4:46124, 0.610662, 8, 400
202, 192.168.0.4:46132, 0.611229, 7, 400
201, 192.168.0.4:46130, 0.611745, 12, 400
203, 192.168.0.4:46134, 0.612098, 12, 400
207, 192.168.0.4:46142, 0.611637, 9, 400
200, 192.168.0.4:46128, 0.612932, 6, 400
204, 192.168.0.4:46136, 0.612674, 6, 400
205, 192.168.0.4:46138, 0.612825, 11, 400
209, 192.168.0.4:46146, 0.612381, 11, 400
208, 192.168.0.4:46144, 0.612761, 8, 400
213, 192.168.0.4:46154, 0.613677, 14, 400
211, 192.168.0.4:46150, 0.614118, 15, 400
210, 192.168.0.4:46148, 0.614308, 10, 400
212, 192.168.0.4:46152, 0.614399, 7, 400
206, 192.168.0.4:46140, 0.615889, 7, 400
215, 192.168.0.4:46158, 0.615972, 8, 400
214, 192.168.0.4:46156, 0.616819, 9, 400
216, 192.168.0.4:46160, 0.617229, 12, 400
218, 192.168.0.4:46164, 0.618322, 12, 400
219, 192.168.0.4:46166, 0.618290, 12, 400
217, 192.168.0.4:46162, 0.620157, 11, 400
221, 192.168.0.4:46170, 0.619768, 10, 400
220, 192.168.0.4:46168, 0.620571, 11, 400
222, 192.168.0.4:46172, 0.621236, 12, 400
223, 192.168.0.4:46174, 0.621973, 9, 400
224, 192.168.0.4:46176, 0.621944, 15, 400
225, 192.168.0.4:46178, 0.621784, 8, 400
226, 192.168.0.4:46180, 0.621841, 11, 400
228, 192.168.0.4:46184, 0.621676, 11, 400
228, 192.168.0.4:46184, 0.621703, 12, 480
230, 192.168.0.4:46188, 0.621983, 10, 400
230, 192.168.0.4:46188, 0.622048, 11, 400
230, 192.168.0.4:46188, 0.622116, 13, 480
227, 192.168.0.4:46182, 0.623021, 8, 400
231, 192.168.0.4:46190, 0.623349, 9, 400
979, 192.168.0.4:47686, 0.176741, 13, 800
979, 192.168.0.4:47686, 0.176885, 14, 800
234, 192.168.0.4:46196, 0.624444, 14, 400
229, 192.168.0.4:46186, 0.625786, 8, 400
232, 192.168.0.4:46192, 0.625449, 14, 400
238, 192.168.0.4:46204, 0.626204, 14, 400
239, 192.168.0.4:46206, 0.626521, 9, 400
239, 192.168.0.4:46206, 0.626565, 10, 400
235, 192.168.0.4:46198, 0.627199, 7, 400
237, 192.168.0.4:46202, 0.627003, 8, 400
236, 192.168.0.4:46200, 0.627352, 8, 400
244, 192.168.0.4:46216, 0.627618, 12, 400
241, 192.168.0.4:46210, 0.628463, 12, 400
242, 192.168.0.4:46212, 0.628452, 8, 400
242, 192.168.0.4:46212, 0.628523, 10, 480
240, 192.168.0.4:46208, 0.628840, 7, 400
246, 192.168.0.4:46220, 0.628757, 11, 400
247, 192.168.0.4:46222, 0.629075, 7, 400
248, 192.168.0.4:46224, 0.629438, 11, 400
249, 192.168.0.4:46226, 0.630505, 13, 400
250, 192.168.0.4:46228, 0.630995, 10, 400
250, 192.168.0.4:46228, 0.631082, 11, 400
0, 192.168.0.4:46230, 0.680525, 13, 400
251, 192.168.0.4:46230, 0.631384, 14, 400
251, 192.168.0.4:46230, 0.631448, 16, 480
252, 192.168.0.4:46232, 0.632300, 10, 400
980, 192.168.0.4:47688, 0.187656, 25, 880
253, 192.168.0.4:46234, 0.632723, 9, 400
253, 192.168.0.4:46234, 0.632779, 9, 400
982, 192.168.0.4:47692, 0.186904, 18, 800
254, 192.168.0.4:46236, 0.633846, 11, 400
255, 192.168.0.4:46238, 0.634495, 13, 400
259, 192.168.0.4:46246, 0.634393, 9, 400
259, 192.168.0.4:46246, 0.634446, 11, 400
258, 192.168.0.4:46244, 0.634979, 16, 400
258, 192.168.0.4:46244, 0.635001, 16, 480
256, 192.168.0.4:46240, 0.635699, 7, 400
257, 192.168.0.4:46242, 0.635748, 12, 400
261, 192.168.0.4:46250, 0.635748, 6, 400
260, 192.168.0.4:46248, 0.636033, 13, 400
263, 192.168.0.4:46254, 0.636619, 8, 400
262, 192.168.0.4:46252, 0.637286, 12, 400
267, 192.168.0.4:46262, 0.636946, 12, 400
986, 192.168.0.4:47700, 0.158883, 20, 800
988, 192.168.0.4:47704, 0.157544, 20, 800
268, 192.168.0.4:46264, 0.638430, 16, 400
271, 192.168.0.4:46270, 0.638432, 11, 400
269, 192.168.0.4:46266, 0.639117, 14, 400
270, 192.168.0.4:46268, 0.639970, 10, 400
987, 192.168.0.4:47702, 0.161053, 20, 800
274, 192.168.0.4:46276, 0.640280, 13, 400
275, 192.168.0.4:46278, 0.640513, 13, 400
275, 192.168.0.4:46278, 0.640524, 13, 400
273, 192.168.0.4:46274, 0.641619, 12, 400
272, 192.168.0.4:46272, 0.642007, 6, 400
278, 192.168.0.4:46284, 0.641252, 13, 400
278, 192.168.0.4:46284, 0.641309, 14, 480
279, 192.168.0.4:46286, 0.641728, 14, 400
276, 192.168.0.4:46280, 0.642503, 10, 400
281, 192.168.0.4:46290, 0.642717, 11, 400
282, 192.168.0.4:46292, 0.643287, 12, 400
283, 192.168.0.4:46294, 0.643986, 14, 400
284, 192.168.0.4:46296, 0.644330, 12, 400
280, 192.168.0.4:46288, 0.645591, 9, 400
286, 192.168.0.4:46300, 0.645700, 9, 400
285, 192.168.0.4:46298, 0.646285, 10, 400
277, 192.168.0.4:46282, 0.648581, 6, 400
287, 192.168.0.4:46302, 0.647885, 14, 400
288, 192.168.0.4:46304, 0.648118, 10, 400
289, 192.168.0.4:46306, 0.648651, 13, 400
291, 192.168.0.4:46310, 0.649057, 17, 400
290, 192.168.0.4:46308, 0.650084, 10, 400
292, 192.168.0.4:46312, 0.650134, 10, 400
293, 192.168.0.4:46314, 0.650297, 11, 400
294, 192.168.0.4:46316, 0.650738, 8, 400
295, 192.168.0.4:46318, 0.650886, 13, 400
296, 192.168.0.4:46320, 0.651023, 9, 400
297, 192.168.0.4:46322, 0.651407, 13, 400
298, 192.168.0.4:46324, 0.651297, 13, 400
299, 192.168.0.4:46326, 0.651859, 12, 400
301, 192.168.0.4:46330, 0.652395, 11, 400
302, 192.168.0.4:46332, 0.652309, 13, 400
304, 192.168.0.4:46336, 0.652409, 11, 400
303, 192.168.0.4:46334, 0.652691, 12, 400
300, 192.168.0.4:46328, 0.653489, 8, 400
307, 192.168.0.4:46342, 0.652334, 8, 400
305, 192.168.0.4:46338, 0.652976, 11, 400
308, 192.168.0.4:46344, 0.652544, 7, 400
310, 192.168.0.4:46348, 0.653582, 16, 400
310, 192.168.0.4:46348, 0.653702, 18, 480
309, 192.168.0.4:46346, 0.654176, 9, 400
306, 192.168.0.4:46340, 0.655852, 10, 400
311, 192.168.0.4:46350, 0.655368, 8, 400
313, 192.168.0.4:46354, 0.655240, 12, 400
313, 192.168.0.4:46354, 0.655253, 12, 400
314, 192.168.0.4:46356, 0.655805, 13, 400
312, 192.168.0.4:46352, 0.656718, 10, 400
315, 192.168.0.4:46358, 0.656644, 13, 400
318, 192.168.0.4:46364, 0.656577, 10, 400
317, 192.168.0.4:46362, 0.657170, 12, 400
320, 192.168.0.4:46368, 0.657513, 9, 400
316, 192.168.0.4:46360, 0.658249, 8, 400
319, 192.168.0.4:46366, 0.658221, 11, 400
321, 192.168.0.4:46370, 0.659520, 12, 400
323, 192.168.0.4:46374, 0.659376, 8, 400
324, 192.168.0.4:46376, 0.659279, 10, 400
324, 192.168.0.4:46376, 0.659331, 12, 400
322, 192.168.0.4:46372, 0.659894, 7, 400
325, 192.168.0.4:46378, 0.659718, 12, 400
329, 192.168.0.4:46386, 0.660067, 9, 400
326, 192.168.0.4:46380, 0.660890, 9, 400
328, 192.168.0.4:46384, 0.660573, 8, 400
327, 192.168.0.4:46382, 0.660800, 8, 400
331, 192.168.0.4:46390, 0.660955, 10, 400
330, 192.168.0.4:46388, 0.661826, 6, 400
333, 192.168.0.4:46394, 0.661377, 12, 400
332, 192.168.0.4:46392, 0.661763, 8, 400
336, 192.168.0.4:46400, 0.661875, 6, 400
334, 192.168.0.4:46396, 0.662569, 8, 400
335, 192.168.0.4:46398, 0.662882, 9, 400
337, 192.168.0.4:46402, 0.662908, 14, 400
338, 192.168.0.4:46404, 0.663276, 10, 400
341, 192.168.0.4:46410, 0.663318, 12, 400
341, 192.168.0.4:46410, 0.663401, 15, 480
342, 192.168.0.4:46412, 0.663397, 8, 400
342, 192.168.0.4:46412, 0.663465, 10, 480
342, 192.168.0.4:46412, 0.663505, 11, 480
339, 192.168.0.4:46406, 0.664171, 11, 400
340, 192.168.0.4:46408, 0.664609, 9, 400
989, 192.168.0.4:47706, 0.196610, 20, 800
346, 192.168.0.4:46420, 0.664596, 12, 400
347, 192.168.0.4:46422, 0.664710, 12, 400
344, 192.168.0.4:46416, 0.665523, 7, 400
345, 192.168.0.4:46418, 0.665278, 11, 400
351, 192.168.0.4:46430, 0.665514, 12, 400
350, 192.168.0.4:46428, 0.666215, 12, 400
352, 192.168.0.4:46432, 0.666305, 9, 400
348, 192.168.0.4:46424, 0.667598, 7, 400
349, 192.168.0.4:46426, 0.667733, 11, 400
353, 192.168.0.4:46434, 0.667339, 12, 400
354, 192.168.0.4:46436, 0.667968, 10, 400
355, 192.168.0.4:46438, 0.667997, 8, 400
356, 192.168.0.4:46440, 0.668189, 9, 400
358, 192.168.0.4:46444, 0.667786, 11, 400
358, 192.168.0.4:46444, 0.667855, 11, 480
359, 192.168.0.4:46446, 0.668662, 10, 400
361, 192.168.0.4:46450, 0.668832, 11, 400
361, 192.168.0.4:46450, 0.668925, 13, 480
357, 192.168.0.4:46442, 0.669989, 10, 400
360, 192.168.0.4:46448, 0.669751, 12, 400
362, 192.168.0.4:46452, 0.669818, 8, 400
365, 192.168.0.4:46458, 0.670185, 8, 400
364, 192.168.0.4:46456, 0.670909, 10, 400
366, 192.168.0.4:46460, 0.670596, 11, 400
363, 192.168.0.4:46454, 0.671521, 6, 400
371, 192.168.0.4:46470, 0.671901, 14, 480
369, 192.168.0.4:46466, 0.672289, 7, 400
370, 192.168.0.4:46468, 0.672528, 11, 400
370, 192.168.0.4:46468, 0.672591, 12, 400
368, 192.168.0.4:46464, 0.673105, 9, 400
372, 192.168.0.4:46472, 0.673129, 8, 400
373, 192.168.0.4:46474, 0.673069, 13, 400
995, 192.168.0.4:47718, 0.205759, 17, 800
374, 192.168.0.4:46476, 0.674280, 6, 400
376, 192.168.0.4:46480, 0.674149, 9, 400
377, 192.168.0.4:46482, 0.673954, 11, 400
378, 192.168.0.4:46484, 0.674011, 11, 400
379, 192.168.0.4:46486, 0.673986, 13, 400
379, 192.168.0.4:46486, 0.674042, 13, 400
375, 192.168.0.4:46478, 0.675213, 7, 400
381, 192.168.0.4:46490, 0.674138, 12, 400
381, 192.168.0.4:46490, 0.674190, 14, 400
383, 192.168.0.4:46494, 0.675664, 13, 400
382, 192.168.0.4:46492, 0.676218, 8, 400
384, 192.168.0.4:46496, 0.676096, 9, 400
385, 192.168.0.4:46498, 0.676106, 13, 400
385, 192.168.0.4:46498, 0.676186, 15, 480
386, 192.168.0.4:46500, 0.677404, 10, 400
388, 192.168.0.4:46504, 0.677483, 11, 400
388, 192.168.0.4:46504, 0.677578, 13, 480
996, 192.168.0.4:47720, 0.211307, 15, 800
387, 192.168.0.4:46502, 0.678646, 12, 400
389, 192.168.0.4:46506, 0.678640, 11, 400
390, 192.168.0.4:46508, 0.679244, 6, 400
392, 192.168.0.4:46512, 0.679378, 9, 400
391, 192.168.0.4:46510, 0.679759, 10, 400
393, 192.168.0.4:46514, 0.679998, 14, 400
396, 192.168.0.4:46520, 0.680418, 12, 400
397, 192.168.0.4:46522, 0.680927, 12, 400
395, 192.168.0.4:46518, 0.681998, 7, 400
394, 192.168.0.4:46516, 0.682443, 9, 400
399, 192.168.0.4:46526, 0.681827, 11, 400
400, 192.168.0.4:46528, 0.683770, 10, 400
401, 192.168.0.4:46530, 0.683694, 13, 400
402, 192.168.0.4:46532, 0.683870, 15, 400
403, 192.168.0.4:46534, 0.684138, 13, 400
398, 192.168.0.4:46524, 0.685460, 13, 400
407, 192.168.0.4:46542, 0.684418, 10, 400
404, 192.168.0.4:46536, 0.686487, 8, 400
409, 192.168.0.4:46546, 0.686030, 10, 400
405, 192.168.0.4:46538, 0.686890, 10, 400
406, 192.168.0.4:46540, 0.687641, 14, 400
410, 192.168.0.4:46548, 0.687293, 10, 400
411, 192.168.0.4:46550, 0.688169, 10, 400
413, 192.168.0.4:46554, 0.687781, 10, 400
408, 192.168.0.4:46544, 0.688856, 10, 400
412, 192.168.0.4:46552, 0.688482, 14, 400
415, 192.168.0.4:46558, 0.689433, 13, 400
416, 192.168.0.4:46560, 0.689351, 8, 400
417, 192.168.0.4:46562, 0.689267, 13, 400
417, 192.168.0.4:46562, 0.689356, 14, 400
414, 192.168.0.4:46556, 0.690097, 10, 400
418, 192.168.0.4:46564, 0.690047, 11, 400
419, 192.168.0.4:46566, 0.690145, 8, 400
422, 192.168.0.4:46572, 0.690255, 11, 400
421, 192.168.0.4:46570, 0.690677, 10, 400
420, 192.168.0.4:46568, 0.691466, 8, 400
425, 192.168.0.4:46578, 0.690648, 12, 400
426, 192.168.0.4:46580, 0.690826, 12, 400
423, 192.168.0.4:46574, 0.692026, 9, 400
427, 192.168.0.4:46582, 0.690748, 12, 400
429, 192.168.0.4:46586, 0.691805, 13, 400
431, 192.168.0.4:46590, 0.692179, 14, 400
430, 192.168.0.4:46588, 0.692923, 15, 400
430, 192.168.0.4:46588, 0.693044, 18, 560
432, 192.168.0.4:46592, 0.692692, 11, 400
428, 192.168.0.4:46584, 0.694605, 7, 400
424, 192.168.0.4:46576, 0.697035, 8, 400
433, 192.168.0.4:46594, 0.694265, 9, 400
434, 192.168.0.4:46596, 0.695028, 9, 400
435, 192.168.0.4:46598, 0.694909, 11, 400
437, 192.168.0.4:46602, 0.694559, 12, 400
436, 192.168.0.4:46600, 0.695790, 14, 400
439, 192.168.0.4:46606, 0.695507, 13, 400
438, 192.168.0.4:46604, 0.696203, 12, 400
440, 192.168.0.4:46608, 0.696444, 9, 400
441, 192.168.0.4:46610, 0.696647, 10, 400
443, 192.168.0.4:46614, 0.697139, 14, 400
444, 192.168.0.4:46616, 0.697290, 14, 400
445, 192.168.0.4:46618, 0.697163, 11, 400
442, 192.168.0.4:46612, 0.697948, 9, 400
446, 192.168.0.4:46620, 0.697538, 14, 400
447, 192.168.0.4:46622, 0.698093, 9, 400
449, 192.168.0.4:46626, 0.698497, 11, 400
450, 192.168.0.4:46628, 0.699004, 11, 400
451, 192.168.0.4:46630, 0.699145, 12, 400
448, 192.168.0.4:46624, 0.700034, 9, 400
453, 192.168.0.4:46634, 0.699367, 12, 400
452, 192.168.0.4:46632, 0.700000, 13, 400
456, 192.168.0.4:46640, 0.699596, 14, 400
455, 192.168.0.4:46638, 0.700163, 11, 400
457, 192.168.0.4:46642, 0.700197, 9, 400
458, 192.168.0.4:46644, 0.700537, 9, 400
454, 192.168.0.4:46636, 0.701743, 10, 400
459, 192.168.0.4:46646, 0.700858, 12, 400
460, 192.168.0.4:46648, 0.700663, 7, 400
460, 192.168.0.4:46648, 0.700709, 8, 400
463, 192.168.0.4:46654, 0.701501, 11, 400
461, 192.168.0.4:46650, 0.702317, 6, 400
465, 192.168.0.4:46658, 0.701592, 13, 400
465, 192.168.0.4:46658, 0.701633, 14, 400
462, 192.168.0.4:46652, 0.702697, 9, 400
466, 192.168.0.4:46660, 0.701929, 9, 400
468, 192.168.0.4:46664, 0.702830, 12, 480
464, 192.168.0.4:46656, 0.704919, 8, 400
470, 192.168.0.4:46668, 0.703676, 11, 400
469, 192.168.0.4:46666, 0.704712, 13, 400
471, 192.168.0.4:46670, 0.704594, 13, 400
467, 192.168.0.4:46662, 0.705920, 6, 400
473, 192.168.0.4:46674, 0.705404, 12, 400
472, 192.168.0.4:46672, 0.706610, 10, 400
475, 192.168.0.4:46678, 0.706210, 10, 400
475, 192.168.0.4:46678, 0.706349, 12, 480
477, 192.168.0.4:46682, 0.706280, 11, 400
477, 192.168.0.4:46682, 0.706361, 13, 480
474, 192.168.0.4:46676, 0.707250, 7, 400
476, 192.168.0.4:46680, 0.707955, 8, 400
479, 192.168.0.4:46686, 0.707576, 11, 480
481, 192.168.0.4:46690, 0.708127, 16, 400
478, 192.168.0.4:46684, 0.709287, 11, 400
480, 192.168.0.4:46688, 0.709771, 11, 400
482, 192.168.0.4:46692, 0.709858, 12, 400
483, 192.168.0.4:46694, 0.709907, 10, 400
484, 192.168.0.4:46696, 0.710342, 12, 400
485, 192.168.0.4:46698, 0.710418, 10, 400
486, 192.168.0.4:46700, 0.710555, 14, 400
488, 192.168.0.4:46704, 0.710655, 10, 400
489, 192.168.0.4:46706, 0.710682, 9, 400
487, 192.168.0.4:46702, 0.711322, 10, 400
490, 192.168.0.4:46708, 0.711032, 8, 400
492, 192.168.0.4:46712, 0.711594, 11, 400
494, 192.168.0.4:46716, 0.711477, 12, 400
491, 192.168.0.4:46710, 0.712049, 9, 400
495, 192.168.0.4:46718, 0.711671, 15, 400
493, 192.168.0.4:46714, 0.712508, 12, 400
500, 192.168.0.4:46728, 0.711867, 10, 400
496, 192.168.0.4:46720, 0.713059, 9, 400
498, 192.168.0.4:46724, 0.712621, 15, 400
498, 192.168.0.4:46724, 0.712673, 15, 400
498, 192.168.0.4:46724, 0.712736, 16, 400
499, 192.168.0.4:46726, 0.712928, 15, 400
497, 192.168.0.4:46722, 0.713848, 12, 400
503, 192.168.0.4:46734, 0.713292, 11, 400
502, 192.168.0.4:46732, 0.714602, 9, 400
504, 192.168.0.4:46736, 0.715037, 11, 400
501, 192.168.0.4:46730, 0.716869, 8, 400
505, 192.168.0.4:46738, 0.715888, 12, 400
508, 192.168.0.4:46744, 0.716266, 17, 400
508, 192.168.0.4:46744, 0.716390, 18, 480
509, 192.168.0.4:46746, 0.716555, 8, 400
509, 192.168.0.4:46746, 0.716615, 9, 400
509, 192.168.0.4:46746, 0.716656, 10, 400
506, 192.168.0.4:46740, 0.718340, 10, 400
510, 192.168.0.4:46748, 0.718246, 11, 400
507, 192.168.0.4:46742, 0.719408, 10, 400
512, 192.168.0.4:46752, 0.719319, 9, 400
513, 192.168.0.4:46754, 0.719352, 15, 400
513, 192.168.0.4:46754, 0.719397, 15, 400
511, 192.168.0.4:46750, 0.721482, 7, 400
515, 192.168.0.4:46758, 0.720566, 14, 400
517, 192.168.0.4:46762, 0.721045, 11, 400
518, 192.168.0.4:46764, 0.721534, 13, 400
514, 192.168.0.4:46756, 0.723277, 11, 400
519, 192.168.0.4:46766, 0.722407, 9, 400
516, 192.168.0.4:46760, 0.724157, 11, 400
521, 192.168.0.4:46770, 0.723651, 11, 400
522, 192.168.0.4:46772, 0.723817, 13, 400
524, 192.168.0.4:46776, 0.724006, 13, 400
520, 192.168.0.4:46768, 0.724691, 13, 400
526, 192.168.0.4:46780, 0.724991, 15, 400
526, 192.168.0.4:46780, 0.725060, 17, 480
528, 192.168.0.4:46784, 0.723661, 8, 400
527, 192.168.0.4:46782, 0.725311, 15, 400
527, 192.168.0.4:46782, 0.725396, 18, 560
523, 192.168.0.4:46774, 0.727170, 10, 400
530, 192.168.0.4:46788, 0.725303, 16, 400
530, 192.168.0.4:46788, 0.725328, 16, 400
531, 192.168.0.4:46790, 0.725385, 12, 400
531, 192.168.0.4:46790, 0.725449, 13, 400
529, 192.168.0.4:46786, 0.727067, 10, 400
534, 192.168.0.4:46796, 0.725221, 9, 400
533, 192.168.0.4:46794, 0.725824, 9, 400
533, 192.168.0.4:46794, 0.725887, 10, 400
532, 192.168.0.4:46792, 0.727109, 10, 400
535, 192.168.0.4:46798, 0.727003, 7, 400
525, 192.168.0.4:46778, 0.732240, 12, 400
539, 192.168.0.4:46806, 0.726535, 9, 400
538, 192.168.0.4:46804, 0.727645, 13, 400
536, 192.168.0.4:46800, 0.729948, 11, 400
542, 192.168.0.4:46812, 0.728215, 12, 400
537, 192.168.0.4:46802, 0.732014, 9, 400
541, 192.168.0.4:46810, 0.729523, 11, 400
540, 192.168.0.4:46808, 0.730602, 13, 400
545, 192.168.0.4:46818, 0.728255, 10, 560
543, 192.168.0.4:46814, 0.729698, 11, 400
544, 192.168.0.4:46816, 0.729508, 10, 400
547, 192.168.0.4:46822, 0.727734, 8, 400
548, 192.168.0.4:46824, 0.727305, 12, 400
549, 192.168.0.4:46826, 0.727726, 10, 400
551, 192.168.0.4:46830, 0.727586, 9, 400
551, 192.168.0.4:46830, 0.727709, 10, 400
546, 192.168.0.4:46820, 0.732521, 9, 400
552, 192.168.0.4:46832, 0.728683, 12, 400
554, 192.168.0.4:46836, 0.728859, 10, 400
554, 192.168.0.4:46836, 0.728980, 13, 560
555, 192.168.0.4:46838, 0.729098, 10, 400
550, 192.168.0.4:46828, 0.731538, 11, 400
557, 192.168.0.4:46842, 0.729676, 9, 400
553, 192.168.0.4:46834, 0.733120, 8, 400
558, 192.168.0.4:46844, 0.730746, 16, 400
560, 192.168.0.4:46848, 0.730036, 17, 400
556, 192.168.0.4:46840, 0.732936, 9, 400
561, 192.168.0.4:46850, 0.730231, 14, 400
563, 192.168.0.4:46854, 0.728242, 17, 560
565, 192.168.0.4:46858, 0.728082, 10, 400
559, 192.168.0.4:46846, 0.733175, 9, 400
564, 192.168.0.4:46856, 0.729486, 14, 400
562, 192.168.0.4:46852, 0.732362, 12, 400
566, 192.168.0.4:46860, 0.729247, 9, 400
567, 192.168.0.4:46862, 0.729410, 9, 400
570, 192.168.0.4:46868, 0.728102, 12, 400
568, 192.168.0.4:46864, 0.729368, 10, 400
569, 192.168.0.4:46866, 0.728953, 10, 400
573, 192.168.0.4:46874, 0.728578, 10, 400
574, 192.168.0.4:46876, 0.729467, 14, 400
571, 192.168.0.4:46870, 0.731706, 13, 400
576, 192.168.0.4:46880, 0.728962, 13, 400
576, 192.168.0.4:46880, 0.729024, 15, 400
577, 192.168.0.4:46882, 0.728715, 13, 400
578, 192.168.0.4:46884, 0.728867, 11, 400
572, 192.168.0.4:46872, 0.733117, 8, 400
575, 192.168.0.4:46878, 0.731020, 12, 400
581, 192.168.0.4:46890, 0.729597, 10, 400
582, 192.168.0.4:46892, 0.729107, 13, 400
582, 192.168.0.4:46892, 0.729156, 14, 400
579, 192.168.0.4:46886, 0.731431, 9, 400
1, 192.168.0.4:45730, 0.862951, 6, 400
583, 192.168.0.4:46894, 0.730089, 8, 400
586, 192.168.0.4:46900, 0.729133, 15, 400
586, 192.168.0.4:46900, 0.729195, 18, 480
584, 192.168.0.4:46896, 0.730281, 11, 400
587, 192.168.0.4:46902, 0.727194, 11, 400
587, 192.168.0.4:46902, 0.727245, 12, 480
590, 192.168.0.4:46908, 0.727314, 11, 400
589, 192.168.0.4:46906, 0.727790, 16, 400
591, 192.168.0.4:46910, 0.727713, 15, 400
585, 192.168.0.4:46898, 0.732017, 12, 400
592, 192.168.0.4:46912, 0.728230, 14, 400
588, 192.168.0.4:46904, 0.730512, 10, 400
593, 192.168.0.4:46914, 0.728674, 11, 400
594, 192.168.0.4:46916, 0.728262, 10, 400
595, 192.168.0.4:46918, 0.729112, 12, 400
597, 192.168.0.4:46922, 0.726634, 10, 400
596, 192.168.0.4:46920, 0.730512, 12, 400
599, 192.168.0.4:46926, 0.727705, 11, 480
598, 192.168.0.4:46924, 0.729461, 8, 400
601, 192.168.0.4:46930, 0.727827, 14, 400
602, 192.168.0.4:46932, 0.727564, 10, 400
600, 192.168.0.4:46928, 0.729790, 8, 400
605, 192.168.0.4:46938, 0.727607, 13, 400
605, 192.168.0.4:46938, 0.727679, 15, 480
603, 192.168.0.4:46934, 0.728749, 13, 400
606, 192.168.0.4:46940, 0.727353, 18, 400
606, 192.168.0.4:46940, 0.727369, 18, 400
604, 192.168.0.4:46936, 0.728480, 17, 400
608, 192.168.0.4:46944, 0.725592, 8, 400
609, 192.168.0.4:46946, 0.725685, 10, 400
607, 192.168.0.4:46942, 0.728254, 6, 400
611, 192.168.0.4:46950, 0.725050, 12, 400
610, 192.168.0.4:46948, 0.726218, 9, 400
614, 192.168.0.4:46956, 0.724274, 14, 400
614, 192.168.0.4:46956, 0.724302, 14, 400
612, 192.168.0.4:46952, 0.726764, 12, 400
613, 192.168.0.4:46954, 0.726661, 9, 400
616, 192.168.0.4:46960, 0.725490, 11, 400
618, 192.168.0.4:46964, 0.723715, 13, 400
615, 192.168.0.4:46958, 0.726314, 11, 400
617, 192.168.0.4:46962, 0.726382, 9, 400
622, 192.168.0.4:46972, 0.723293, 10, 400
620, 192.168.0.4:46968, 0.724488, 11, 400
619, 192.168.0.4:46966, 0.725274, 7, 400
621, 192.168.0.4:46970, 0.724994, 12, 400
623, 192.168.0.4:46974, 0.724407, 10, 400
625, 192.168.0.4:46978, 0.723998, 15, 400
628, 192.168.0.4:46984, 0.723088, 13, 400
624, 192.168.0.4:46976, 0.724754, 14, 400
629, 192.168.0.4:46986, 0.723751, 15, 400
630, 192.168.0.4:46988, 0.724526, 14, 400
631, 192.168.0.4:46990, 0.724639, 13, 400
626, 192.168.0.4:46980, 0.728302, 11, 400
633, 192.168.0.4:46994, 0.726105, 13, 400
634, 192.168.0.4:46996, 0.726157, 15, 400
627, 192.168.0.4:46982, 0.729101, 12, 400
635, 192.168.0.4:46998, 0.726573, 11, 400
632, 192.168.0.4:46992, 0.727888, 13, 400
636, 192.168.0.4:47000, 0.726970, 10, 400
638, 192.168.0.4:47004, 0.724900, 13, 400
637, 192.168.0.4:47002, 0.727655, 10, 400
641, 192.168.0.4:47010, 0.724504, 10, 400
641, 192.168.0.4:47010, 0.724658, 12, 560
642, 192.168.0.4:47012, 0.724546, 9, 400
642, 192.168.0.4:47012, 0.724644, 11, 480
639, 192.168.0.4:47006, 0.727307, 13, 400
640, 192.168.0.4:47008, 0.726806, 14, 400
643, 192.168.0.4:47014, 0.726932, 11, 400
645, 192.168.0.4:47018, 0.725921, 10, 400
644, 192.168.0.4:47016, 0.726785, 6, 400
646, 192.168.0.4:47020, 0.724479, 14, 400
647, 192.168.0.4:47022, 0.724148, 18, 400
651, 192.168.0.4:47030, 0.723017, 17, 400
648, 192.168.0.4:47024, 0.724841, 8, 400
652, 192.168.0.4:47032, 0.723164, 15, 400
652, 192.168.0.4:47032, 0.723268, 18, 560
649, 192.168.0.4:47026, 0.724762, 8, 400
650, 192.168.0.4:47028, 0.724912, 14, 400
653, 192.168.0.4:47034, 0.723706, 10, 400
655, 192.168.0.4:47038, 0.723851, 11, 400
654, 192.168.0.4:47036, 0.724489, 9, 400
656, 192.168.0.4:47040, 0.724163, 12, 400
657, 192.168.0.4:47042, 0.723985, 14, 400
658, 192.168.0.4:47044, 0.724239, 15, 400
661, 192.168.0.4:47050, 0.723662, 17, 400
659, 192.168.0.4:47046, 0.724726, 14, 400
662, 192.168.0.4:47052, 0.724126, 11, 400
660, 192.168.0.4:47048, 0.725155, 12, 400
665, 192.168.0.4:47058, 0.723675, 14, 400
666, 192.168.0.4:47060, 0.724196, 12, 400
667, 192.168.0.4:47062, 0.724730, 13, 400
663, 192.168.0.4:47054, 0.726822, 14, 400
664, 192.168.0.4:47056, 0.727073, 11, 400
671, 192.168.0.4:47070, 0.723990, 11, 400
672, 192.168.0.4:47072, 0.723849, 13, 400
668, 192.168.0.4:47064, 0.726747, 10, 400
673, 192.168.0.4:47074, 0.724030, 12, 400
674, 192.168.0.4:47076, 0.724627, 10, 400
675, 192.168.0.4:47078, 0.718623, 14, 400
678, 192.168.0.4:47084, 0.717577, 16, 400
678, 192.168.0.4:47084, 0.717623, 17, 400
677, 192.168.0.4:47082, 0.718373, 12, 400
676, 192.168.0.4:47080, 0.719834, 11, 400
681, 192.168.0.4:47090, 0.717810, 15, 400
681, 192.168.0.4:47090, 0.717926, 17, 560
680, 192.168.0.4:47088, 0.718597, 13, 400
682, 192.168.0.4:47092, 0.718156, 9, 400
679, 192.168.0.4:47086, 0.719794, 16, 400
684, 192.168.0.4:47096, 0.718130, 10, 400
685, 192.168.0.4:47098, 0.718091, 13, 400
687, 192.168.0.4:47102, 0.718236, 8, 400
683, 192.168.0.4:47094, 0.720220, 9, 400
688, 192.168.0.4:47104, 0.718251, 16, 400
690, 192.168.0.4:47108, 0.712007, 15, 400
689, 192.168.0.4:47106, 0.718296, 14, 400
686, 192.168.0.4:47100, 0.720029, 10, 400
691, 192.168.0.4:47110, 0.712674, 8, 400
692, 192.168.0.4:47112, 0.712504, 9, 400
694, 192.168.0.4:47116, 0.711318, 11, 400
693, 192.168.0.4:47114, 0.712315, 10, 400
699, 192.168.0.4:47126, 0.709940, 9, 400
695, 192.168.0.4:47118, 0.711986, 8, 400
697, 192.168.0.4:47122, 0.711013, 13, 400
696, 192.168.0.4:47120, 0.711690, 16, 400
700, 192.168.0.4:47128, 0.710819, 10, 400
698, 192.168.0.4:47124, 0.711842, 9, 400
702, 192.168.0.4:47132, 0.710338, 11, 400
704, 192.168.0.4:47136, 0.710311, 13, 400
705, 192.168.0.4:47138, 0.710251, 9, 400
705, 192.168.0.4:47138, 0.710317, 9, 400
701, 192.168.0.4:47130, 0.712409, 10, 400
703, 192.168.0.4:47134, 0.712099, 11, 400
706, 192.168.0.4:47140, 0.711307, 9, 400
708, 192.168.0.4:47144, 0.711348, 11, 400
707, 192.168.0.4:47142, 0.712155, 12, 400
710, 192.168.0.4:47148, 0.711259, 14, 400
711, 192.168.0.4:47150, 0.710900, 14, 400
712, 192.168.0.4:47152, 0.707294, 11, 400
709, 192.168.0.4:47146, 0.712793, 12, 400
714, 192.168.0.4:47156, 0.706332, 9, 400
713, 192.168.0.4:47154, 0.707492, 13, 400
717, 192.168.0.4:47162, 0.705097, 17, 400
716, 192.168.0.4:47160, 0.705992, 8, 400
719, 192.168.0.4:47166, 0.704199, 10, 400
719, 192.168.0.4:47166, 0.704259, 11, 400
715, 192.168.0.4:47158, 0.707648, 12, 400
720, 192.168.0.4:47168, 0.704090, 15, 480
722, 192.168.0.4:47172, 0.699208, 11, 400
718, 192.168.0.4:47164, 0.706557, 8, 400
723, 192.168.0.4:47174, 0.698909, 15, 480
721, 192.168.0.4:47170, 0.701571, 8, 400
725, 192.168.0.4:47178, 0.698958, 12, 400
724, 192.168.0.4:47176, 0.699970, 13, 400
728, 192.168.0.4:47184, 0.698557, 10, 400
726, 192.168.0.4:47180, 0.699581, 9, 400
727, 192.168.0.4:47182, 0.699669, 11, 400
730, 192.168.0.4:47188, 0.696061, 15, 400
729, 192.168.0.4:47186, 0.696600, 9, 400
733, 192.168.0.4:47194, 0.694743, 7, 400
732, 192.168.0.4:47192, 0.695921, 8, 400
734, 192.168.0.4:47196, 0.694371, 14, 480
734, 192.168.0.4:47196, 0.694415, 15, 480
731, 192.168.0.4:47190, 0.696956, 10, 400
737, 192.168.0.4:47202, 0.693329, 12, 400
735, 192.168.0.4:47198, 0.694951, 12, 400
738, 192.168.0.4:47204, 0.692849, 12, 400
738, 192.168.0.4:47204, 0.692898, 13, 400
741, 192.168.0.4:47210, 0.690192, 13, 400
740, 192.168.0.4:47208, 0.691008, 14, 400
740, 192.168.0.4:47208, 0.691098, 17, 560
736, 192.168.0.4:47200, 0.695481, 7, 400
739, 192.168.0.4:47206, 0.693482, 9, 400
742, 192.168.0.4:47212, 0.691387, 11, 400
744, 192.168.0.4:47216, 0.690903, 10, 400
745, 192.168.0.4:47218, 0.690606, 12, 400
745, 192.168.0.4:47218, 0.690680, 14, 480
746, 192.168.0.4:47220, 0.690530, 13, 400
743, 192.168.0.4:47214, 0.692423, 8, 400
749, 192.168.0.4:47226, 0.690811, 13, 400
749, 192.168.0.4:47226, 0.690884, 15, 480
747, 192.168.0.4:47222, 0.692095, 15, 400
748, 192.168.0.4:47224, 0.691954, 12, 400
750, 192.168.0.4:47228, 0.691570, 15, 400
751, 192.168.0.4:47230, 0.691595, 10, 400
753, 192.168.0.4:47234, 0.691098, 11, 400
754, 192.168.0.4:47236, 0.690988, 11, 400
756, 192.168.0.4:47240, 0.691248, 13, 400
752, 192.168.0.4:47232, 0.692856, 9, 400
758, 192.168.0.4:47244, 0.690825, 12, 400
755, 192.168.0.4:47238, 0.692223, 10, 400
757, 192.168.0.4:47242, 0.692216, 9, 400
759, 192.168.0.4:47246, 0.691937, 11, 400
760, 192.168.0.4:47248, 0.691938, 11, 400
761, 192.168.0.4:47250, 0.691805, 13, 400
762, 192.168.0.4:47252, 0.691988, 15, 400
763, 192.168.0.4:47254, 0.692273, 9, 400
765, 192.168.0.4:47258, 0.691920, 12, 480
767, 192.168.0.4:47262, 0.691857, 12, 400
768, 192.168.0.4:47264, 0.692159, 14, 400
769, 192.168.0.4:47266, 0.692879, 18, 400
771, 192.168.0.4:47270, 0.693013, 14, 400
770, 192.168.0.4:47268, 0.693433, 14, 400
770, 192.168.0.4:47268, 0.693535, 17, 560
766, 192.168.0.4:47260, 0.694568, 10, 400
764, 192.168.0.4:47256, 0.695206, 9, 400
774, 192.168.0.4:47276, 0.693928, 14, 400
773, 192.168.0.4:47274, 0.694538, 9, 480
772, 192.168.0.4:47272, 0.694874, 11, 400
776, 192.168.0.4:47280, 0.693950, 12, 400
775, 192.168.0.4:47278, 0.694421, 12, 400
779, 192.168.0.4:47286, 0.694369, 8, 400
781, 192.168.0.4:47290, 0.686000, 15, 400
780, 192.168.0.4:47288, 0.694441, 16, 400
780, 192.168.0.4:47288, 0.694495, 17, 400
778, 192.168.0.4:47284, 0.695075, 9, 400
777, 192.168.0.4:47282, 0.695643, 8, 400
784, 192.168.0.4:47296, 0.684182, 13, 400
784, 192.168.0.4:47296, 0.684272, 15, 480
785, 192.168.0.4:47298, 0.683937, 9, 400
782, 192.168.0.4:47292, 0.687009, 10, 400
787, 192.168.0.4:47302, 0.682829, 12, 400
783, 192.168.0.4:47294, 0.686423, 9, 400
788, 192.168.0.4:47304, 0.682643, 12, 400
786, 192.168.0.4:47300, 0.684379, 13, 400
790, 192.168.0.4:47308, 0.682402, 11, 400
789, 192.168.0.4:47306, 0.683212, 9, 400
791, 192.168.0.4:47310, 0.679678, 9, 400
793, 192.168.0.4:47314, 0.678465, 14, 400
792, 192.168.0.4:47312, 0.679879, 14, 400
794, 192.168.0.4:47316, 0.678651, 13, 400
796, 192.168.0.4:47320, 0.677180, 10, 400
796, 192.168.0.4:47320, 0.677322, 12, 480
795, 192.168.0.4:47318, 0.678173, 10, 400
797, 192.168.0.4:47322, 0.677938, 10, 400
800, 192.168.0.4:47328, 0.674458, 13, 400
801, 192.168.0.4:47330, 0.674388, 13, 400
801, 192.168.0.4:47330, 0.674458, 15, 480
798, 192.168.0.4:47324, 0.677822, 9, 400
799, 192.168.0.4:47326, 0.675241, 10, 400
802, 192.168.0.4:47332, 0.675050, 13, 400
804, 192.168.0.4:47336, 0.674986, 12, 400
806, 192.168.0.4:47340, 0.674323, 11, 400
805, 192.168.0.4:47338, 0.674857, 17, 400
803, 192.168.0.4:47334, 0.675844, 9, 400
809, 192.168.0.4:47346, 0.674679, 15, 400
807, 192.168.0.4:47342, 0.675631, 9, 400
808, 192.168.0.4:47344, 0.675587, 10, 400
810, 192.168.0.4:47348, 0.675072, 15, 400
811, 192.168.0.4:47350, 0.674882, 13, 400
812, 192.168.0.4:47352, 0.675414, 8, 400
815, 192.168.0.4:47358, 0.674491, 10, 480
816, 192.168.0.4:47360, 0.674513, 13, 400
816, 192.168.0.4:47360, 0.674569, 14, 400
813, 192.168.0.4:47354, 0.675987, 10, 400
814, 192.168.0.4:47356, 0.675824, 13, 400
580, 192.168.0.4:46888, 0.830791, 8, 400
819, 192.168.0.4:47366, 0.674781, 13, 400
818, 192.168.0.4:47364, 0.675531, 8, 400
821, 192.168.0.4:47370, 0.674573, 12, 400
821, 192.168.0.4:47370, 0.674627, 14, 480
823, 192.168.0.4:47374, 0.671670, 13, 400
820, 192.168.0.4:47368, 0.675962, 14, 400
828, 192.168.0.4:47384, 0.671677, 13, 400
825, 192.168.0.4:47378, 0.672544, 10, 400
825, 192.168.0.4:47378, 0.672605, 12, 480
822, 192.168.0.4:47372, 0.676281, 10, 400
826, 192.168.0.4:47380, 0.672789, 16, 400
824, 192.168.0.4:47376, 0.673851, 13, 400
827, 192.168.0.4:47382, 0.673620, 9, 400
829, 192.168.0.4:47386, 0.673417, 10, 400
831, 192.168.0.4:47390, 0.672841, 10, 400
830, 192.168.0.4:47388, 0.673448, 15, 400
832, 192.168.0.4:47392, 0.673060, 11, 400
835, 192.168.0.4:47398, 0.673307, 16, 400
836, 192.168.0.4:47400, 0.673329, 18, 400
837, 192.168.0.4:47402, 0.671878, 20, 400
834, 192.168.0.4:47396, 0.674837, 13, 400
838, 192.168.0.4:47404, 0.671876, 16, 400
833, 192.168.0.4:47394, 0.676324, 8, 400
840, 192.168.0.4:47408, 0.670323, 16, 400
841, 192.168.0.4:47410, 0.669839, 15, 400
842, 192.168.0.4:47412, 0.668951, 20, 400
839, 192.168.0.4:47406, 0.672841, 13, 400
843, 192.168.0.4:47414, 0.669396, 13, 400
845, 192.168.0.4:47418, 0.667611, 18, 400
846, 192.168.0.4:47420, 0.665612, 10, 400
848, 192.168.0.4:47424, 0.667113, 8, 400
844, 192.168.0.4:47416, 0.672322, 13, 400
852, 192.168.0.4:47432, 0.665214, 6, 400
852, 192.168.0.4:47432, 0.665226, 7, 400
854, 192.168.0.4:47436, 0.664531, 8, 400
854, 192.168.0.4:47436, 0.664575, 9, 400
854, 192.168.0.4:47436, 0.664607, 10, 400
850, 192.168.0.4:47428, 0.667061, 14, 400
850, 192.168.0.4:47428, 0.667068, 14, 400
850, 192.168.0.4:47428, 0.667160, 16, 480
853, 192.168.0.4:47434, 0.666013, 17, 400
851, 192.168.0.4:47430, 0.667373, 13, 400
847, 192.168.0.4:47422, 0.669867, 11, 400
856, 192.168.0.4:47440, 0.664736, 14, 400
856, 192.168.0.4:47440, 0.664846, 16, 480
849, 192.168.0.4:47426, 0.668957, 10, 400
859, 192.168.0.4:47446, 0.661724, 14, 400
858, 192.168.0.4:47444, 0.662662, 14, 400
855, 192.168.0.4:47438, 0.666807, 14, 400
857, 192.168.0.4:47442, 0.665874, 13, 400
860, 192.168.0.4:47448, 0.662271, 16, 400
861, 192.168.0.4:47450, 0.661582, 9, 400
862, 192.168.0.4:47452, 0.661058, 14, 400
865, 192.168.0.4:47458, 0.660346, 14, 400
864, 192.168.0.4:47456, 0.661096, 10, 400
866, 192.168.0.4:47460, 0.660156, 13, 400
863, 192.168.0.4:47454, 0.662535, 10, 400
868, 192.168.0.4:47464, 0.659697, 12, 400
868, 192.168.0.4:47464, 0.659769, 17, 480
869, 192.168.0.4:47466, 0.659609, 13, 400
871, 192.168.0.4:47470, 0.654346, 12, 400
872, 192.168.0.4:47472, 0.654252, 13, 400
873, 192.168.0.4:47474, 0.653149, 17, 400
870, 192.168.0.4:47468, 0.656378, 13, 400
875, 192.168.0.4:47478, 0.651714, 17, 400
874, 192.168.0.4:47476, 0.652859, 9, 400
877, 192.168.0.4:47482, 0.649392, 9, 400
878, 192.168.0.4:47484, 0.648269, 15, 400
879, 192.168.0.4:47486, 0.647503, 12, 400
880, 192.168.0.4:47488, 0.646363, 15, 400
880, 192.168.0.4:47488, 0.646424, 17, 480
876, 192.168.0.4:47480, 0.653755, 9, 400
882, 192.168.0.4:47492, 0.646156, 16, 400
883, 192.168.0.4:47494, 0.645971, 16, 400
884, 192.168.0.4:47496, 0.645640, 16, 400
885, 192.168.0.4:47498, 0.641983, 11, 400
886, 192.168.0.4:47500, 0.641901, 14, 400
881, 192.168.0.4:47490, 0.648589, 8, 400
887, 192.168.0.4:47502, 0.641663, 8, 400
889, 192.168.0.4:47506, 0.640898, 9, 400
888, 192.168.0.4:47504, 0.642057, 12, 400
892, 192.168.0.4:47512, 0.638850, 14, 400
892, 192.168.0.4:47512, 0.639025, 17, 560
893, 192.168.0.4:47514, 0.639010, 11, 400
890, 192.168.0.4:47508, 0.642159, 14, 400
894, 192.168.0.4:47516, 0.639703, 10, 400
895, 192.168.0.4:47518, 0.635423, 9, 400
891, 192.168.0.4:47510, 0.642257, 12, 400
897, 192.168.0.4:47522, 0.634580, 10, 400
896, 192.168.0.4:47520, 0.636260, 9, 400
898, 192.168.0.4:47524, 0.634953, 11, 400
900, 192.168.0.4:47528, 0.633926, 13, 400
899, 192.168.0.4:47526, 0.634854, 11, 400
902, 192.168.0.4:47532, 0.633304, 13, 400
903, 192.168.0.4:47534, 0.632638, 18, 480
901, 192.168.0.4:47530, 0.634901, 12, 400
905, 192.168.0.4:47538, 0.630768, 17, 400
904, 192.168.0.4:47536, 0.633641, 9, 400
907, 192.168.0.4:47542, 0.629739, 14, 400
908, 192.168.0.4:47544, 0.628852, 14, 560
906, 192.168.0.4:47540, 0.631042, 16, 400
910, 192.168.0.4:47548, 0.627634, 14, 400
911, 192.168.0.4:47550, 0.626975, 9, 400
913, 192.168.0.4:47554, 0.625683, 17, 400
912, 192.168.0.4:47552, 0.628268, 9, 400
909, 192.168.0.4:47546, 0.630947, 11, 400
914, 192.168.0.4:47556, 0.626311, 11, 400
917, 192.168.0.4:47562, 0.625530, 16, 400
917, 192.168.0.4:47562, 0.625552, 16, 400
915, 192.168.0.4:47558, 0.626485, 14, 400
916, 192.168.0.4:47560, 0.626208, 6, 400
920, 192.168.0.4:47568, 0.625141, 14, 400
921, 192.168.0.4:47570, 0.625414, 13, 400
919, 192.168.0.4:47566, 0.626360, 10, 400
923, 192.168.0.4:47574, 0.625416, 16, 400
923, 192.168.0.4:47574, 0.625427, 17, 560
918, 192.168.0.4:47564, 0.627829, 8, 400
924, 192.168.0.4:47576, 0.626024, 16, 400
926, 192.168.0.4:47580, 0.626039, 14, 400
927, 192.168.0.4:47582, 0.625998, 9, 400
922, 192.168.0.4:47572, 0.628225, 12, 400
925, 192.168.0.4:47578, 0.627522, 12, 400
930, 192.168.0.4:47588, 0.626687, 13, 400
928, 192.168.0.4:47584, 0.627527, 8, 400
929, 192.168.0.4:47586, 0.627765, 7, 400
932, 192.168.0.4:47592, 0.626774, 13, 400
931, 192.168.0.4:47590, 0.627644, 15, 400
934, 192.168.0.4:47596, 0.627123, 15, 400
933, 192.168.0.4:47594, 0.627781, 13, 400
935, 192.168.0.4:47598, 0.627340, 13, 400
936, 192.168.0.4:47600, 0.627036, 17, 400
940, 192.168.0.4:47608, 0.626406, 11, 400
941, 192.168.0.4:47610, 0.626390, 10, 400
941, 192.168.0.4:47610, 0.626479, 11, 400
939, 192.168.0.4:47606, 0.627513, 6, 400
943, 192.168.0.4:47614, 0.626692, 12, 400
938, 192.168.0.4:47604, 0.628769, 11, 400
942, 192.168.0.4:47612, 0.627410, 14, 400
944, 192.168.0.4:47616, 0.628391, 13, 400
945, 192.168.0.4:47618, 0.614817, 8, 400
946, 192.168.0.4:47620, 0.614148, 14, 400
947, 192.168.0.4:47622, 0.613546, 10, 400
950, 192.168.0.4:47628, 0.611211, 11, 400
950, 192.168.0.4:47628, 0.611304, 12, 400
948, 192.168.0.4:47624, 0.612834, 10, 400
949, 192.168.0.4:47626, 0.612225, 15, 400
951, 192.168.0.4:47630, 0.611317, 14, 400
954, 192.168.0.4:47636, 0.606637, 12, 400
953, 192.168.0.4:47634, 0.607011, 9, 400
955, 192.168.0.4:47638, 0.606420, 10, 400
955, 192.168.0.4:47638, 0.606453, 11, 400
956, 192.168.0.4:47640, 0.606282, 16, 400
957, 192.168.0.4:47642, 0.605856, 15, 400
952, 192.168.0.4:47632, 0.612535, 8, 400
960, 192.168.0.4:47648, 0.605414, 13, 400
959, 192.168.0.4:47646, 0.606853, 10, 400
962, 192.168.0.4:47652, 0.592392, 13, 400
961, 192.168.0.4:47650, 0.606858, 9, 400
963, 192.168.0.4:47654, 0.592946, 16, 400
967, 192.168.0.4:47662, 0.587266, 12, 400
958, 192.168.0.4:47644, 0.609778, 8, 400
969, 192.168.0.4:47666, 0.587207, 14, 400
971, 192.168.0.4:47670, 0.586712, 11, 400
971, 192.168.0.4:47670, 0.586806, 14, 560
981, 192.168.0.4:47690, 0.531813, 11, 400
964, 192.168.0.4:47656, 0.590984, 9, 400
983, 192.168.0.4:47694, 0.530767, 12, 400
983, 192.168.0.4:47694, 0.530818, 13, 400
970, 192.168.0.4:47668, 0.588949, 15, 400
984, 192.168.0.4:47696, 0.531653, 7, 400
985, 192.168.0.4:47698, 0.531652, 10, 400
992, 192.168.0.4:47712, 0.495122, 17, 400
993, 192.168.0.4:47714, 0.495000, 19, 400
993, 192.168.0.4:47714, 0.495045, 20, 400
991, 192.168.0.4:47710, 0.496009, 12, 400
994, 192.168.0.4:47716, 0.495250, 12, 400
990, 192.168.0.4:47708, 0.497488, 12, 400
997, 192.168.0.4:47722, 0.491818, 11, 400
999, 192.168.0.4:47726, 0.490646, 9, 400
817, 192.168.0.4:47362, 0.742832, 16, 400
1000, 192.168.0.4:47728, 0.490611, 11, 400
